id,age,salary,experience_years,city,education,score,review,department,working_hours
1,56,25287.0,17.0,Bangalore,PG,9.729338728106718,Good,HR,9
2,46,54387.0,7.0,Pune,High School,6.1413442294338765,Average,Sales,4
3,32,28512.0,14.0,Pune,High School,2.2870101039915376,Good,Sales,10
4,60,21342.0,0.0,Pune,UG,4.370934190416231,Poor,Sales,9
5,25,,2.0,Mumbai,High School,8.179590370133926,Poor,Sales,11
6,38,39216.0,7.0,Bangalore,High School,4.306516558273634,Good,Finance,5
7,56,113070.0,3.0,Chennai,PG,1.7831549647250986,Average,IT,8
8,36,99767.0,15.0,Delhi,High School,6.011064198353692,Good,Sales,10
9,40,117829.0,9.0,Delhi,PG,8.606087663464313,Average,Finance,8
10,28,46614.0,11.0,Pune,,8.163337484291521,Good,IT,7
11,28,56258.0,13.0,Bangalore,High School,2.576108261173179,Average,Sales,5
12,41,113789.0,13.0,Mumbai,PG,7.0548815297122,Poor,IT,5
13,53,62078.0,1.0,Bangalore,UG,2.984538370920824,Good,Sales,4
14,57,103524.0,4.0,Bangalore,PG,2.96386781096955,Poor,Finance,4
15,41,116573.0,4.0,Mumbai,PG,8.866645959746666,Poor,HR,7
16,20,32219.0,5.0,Pune,PG,3.2470205746620713,Good,HR,10
17,39,20235.0,12.0,Bangalore,UG,3.369226118662101,Good,IT,11
18,19,62929.0,8.0,Delhi,High School,1.005880516851696,Average,Finance,6
19,41,87444.0,14.0,Mumbai,PG,8.83602130712966,Average,HR,9
20,61,28567.0,13.0,Chennai,PG,8.133353318882213,Poor,Sales,6
21,47,90792.0,6.0,Pune,UG,6.645960415816102,Average,HR,6
22,55,85441.0,19.0,Mumbai,PG,7.752391875449581,Average,IT,5
23,19,104555.0,1.0,,High School,2.3684371068204264,Good,IT,9
24,38,93698.0,,Chennai,UG,5.124912351288179,Average,Finance,5
25,50,25415.0,5.0,Bangalore,High School,4.160974486139028,Poor,IT,11
26,29,56159.0,16.0,Bangalore,High School,1.8439887363131484,Average,HR,9
27,39,63925.0,1.0,Bangalore,UG,5.375174366934317,Poor,HR,8
28,61,25951.0,2.0,Mumbai,PG,9.286656853083718,Good,HR,5
29,42,107388.0,4.0,Mumbai,High School,1.3605320714562503,Poor,HR,5
30,44,28007.0,4.0,Pune,High School,3.623148221444145,Average,Finance,5
31,59,61832.0,0.0,Bangalore,High School,2.867868425851331,Good,Sales,10
32,45,78596.0,7.0,Chennai,High School,3.1433198829912667,Average,Sales,7
33,33,50523.0,11.0,Delhi,UG,9.175910966914378,Good,Finance,5
34,32,108861.0,,Pune,UG,5.212621488108611,Good,IT,11
35,64,106740.0,12.0,Mumbai,High School,5.196694716458369,Average,Sales,4
36,61,35524.0,,Pune,,7.8451807820975406,Average,IT,4
37,20,39282.0,10.0,Pune,High School,2.390429836044332,Good,Sales,9
38,54,43930.0,9.0,Pune,PG,5.385388186900457,Good,IT,8
39,24,20077.0,2.0,Pune,High School,4.869866927089538,Average,Finance,7
40,38,40611.0,13.0,Delhi,PG,6.372196214919905,Poor,HR,10
41,26,36984.0,15.0,Bangalore,High School,9.996019329253947,Average,IT,9
42,56,34060.0,9.0,Chennai,PG,7.925040046738424,Good,HR,4
43,35,102985.0,9.0,,High School,4.580791327156845,Average,IT,7
44,21,104056.0,11.0,Pune,High School,8.447977470466423,Poor,IT,7
45,42,63303.0,8.0,Pune,PG,2.5363752698123214,Average,IT,8
46,31,79207.0,0.0,Bangalore,UG,1.274173176780641,Good,IT,11
47,26,95046.0,4.0,Mumbai,PG,2.8400353521784574,Average,IT,7
48,43,49287.0,19.0,Mumbai,UG,4.063704005028336,Good,HR,5
49,19,113709.0,7.0,Delhi,High School,5.595226817136039,Good,IT,7
50,37,59711.0,10.0,Mumbai,PG,6.536162264870798,Average,HR,8
51,45,31954.0,11.0,Pune,PG,9.195451454929795,Good,Finance,9
52,64,93340.0,0.0,Pune,PG,5.588686085954119,Good,Sales,8
53,24,92101.0,19.0,Pune,UG,5.511480801631564,Poor,IT,10
54,61,91520.0,10.0,Delhi,UG,1.452187088406839,Poor,Sales,8
55,25,107062.0,4.0,Pune,High School,1.3142039739060143,Poor,HR,4
56,64,38574.0,14.0,Mumbai,UG,5.960439657247349,Poor,Finance,5
57,52,29184.0,4.0,Bangalore,UG,4.9436075192351,Good,Finance,11
58,31,39096.0,11.0,Bangalore,High School,8.552623554822688,Average,Finance,4
59,34,87728.0,4.0,Chennai,PG,2.4461162624066066,Good,Sales,9
60,53,54016.0,16.0,Mumbai,PG,1.2247449590534463,Good,HR,6
61,57,31246.0,16.0,Pune,High School,5.0413489113711325,Good,IT,9
62,21,65558.0,11.0,Bangalore,PG,3.1373070107703174,Average,IT,5
63,19,38381.0,14.0,Mumbai,UG,1.446529360049537,Poor,HR,7
64,23,56455.0,14.0,Bangalore,High School,7.52138458162866,Good,Sales,8
65,59,112263.0,5.0,,High School,2.0043369996152274,Good,IT,6
66,21,24018.0,11.0,Bangalore,,6.474875500069945,Poor,HR,5
67,46,31302.0,19.0,Chennai,PG,3.529447751502002,Good,IT,4
68,35,87506.0,17.0,Chennai,High School,2.561464453195198,Average,Finance,8
69,43,61157.0,13.0,Bangalore,High School,4.417763706273857,Good,IT,9
70,61,74917.0,1.0,Mumbai,High School,8.213011986006583,Good,Sales,4
71,51,112738.0,8.0,Mumbai,PG,4.528842192141154,Poor,HR,5
72,27,116646.0,4.0,Mumbai,UG,7.756926842899501,Good,Sales,5
73,53,103122.0,19.0,Bangalore,High School,2.129376671192356,Good,HR,9
74,31,44519.0,0.0,Mumbai,UG,7.954942776985712,Average,Finance,6
75,48,116809.0,,Pune,PG,3.132399924159838,Poor,HR,9
76,32,107487.0,5.0,Chennai,PG,7.096538168999855,Poor,IT,7
77,25,76819.0,4.0,Pune,PG,6.092033993568967,Average,IT,4
78,31,100910.0,4.0,Mumbai,PG,9.362302454905187,Good,Finance,6
79,40,91324.0,0.0,Pune,UG,4.485902661777827,Poor,HR,8
80,57,25408.0,16.0,Mumbai,High School,1.595486699509964,Poor,Finance,10
81,38,79379.0,18.0,Bangalore,PG,1.1723993699612762,Good,IT,7
82,33,45053.0,13.0,Pune,PG,8.441727048754778,Good,Sales,6
83,62,29446.0,11.0,Bangalore,,5.722620738952889,Poor,Finance,10
84,35,20922.0,9.0,Bangalore,UG,7.977196466514544,Good,Sales,10
85,64,118723.0,19.0,Delhi,PG,3.109830400103632,Poor,Sales,4
86,41,71356.0,17.0,Mumbai,High School,4.105753709619103,Good,HR,5
87,43,30789.0,10.0,Chennai,High School,1.2709348499018704,Good,Finance,8
88,42,117720.0,1.0,Mumbai,PG,9.65343092116701,Average,Sales,9
89,62,86656.0,17.0,Chennai,UG,7.010811160307321,Good,Sales,4
90,58,64028.0,6.0,Mumbai,PG,9.398845789833755,Average,HR,7
91,46,84484.0,14.0,Bangalore,PG,3.389467666861651,Good,HR,11
92,32,52154.0,10.0,Pune,UG,6.503172501030948,Poor,IT,10
93,62,102870.0,17.0,Pune,PG,7.10649971463374,Poor,Sales,7
94,18,22336.0,11.0,,PG,3.857947302318296,Good,IT,10
95,42,,5.0,Chennai,PG,8.632983115140672,Good,Sales,5
96,24,39029.0,19.0,Chennai,UG,9.52445316610223,Poor,IT,11
97,26,,12.0,Chennai,High School,8.963696059264038,Good,HR,5
98,41,52265.0,19.0,Bangalore,High School,7.6516027834543525,Average,Finance,8
99,18,63872.0,15.0,Chennai,UG,3.497182117524586,Average,HR,9
100,61,66197.0,17.0,Pune,High School,3.5345443789506854,Average,IT,8
101,25,75180.0,9.0,Bangalore,PG,9.67024288401434,Average,IT,5
102,41,,7.0,Mumbai,High School,1.0925604634212283,Average,Finance,5
103,28,49486.0,17.0,Chennai,PG,7.4444497591793,Good,Sales,7
104,34,91907.0,0.0,Chennai,High School,7.356215462997359,Good,IT,5
105,25,91895.0,7.0,Mumbai,UG,6.604205868548177,Average,IT,11
106,52,84435.0,5.0,,High School,9.910979614781793,Good,IT,11
107,52,60631.0,4.0,Mumbai,High School,3.806914921873527,Good,Finance,6
108,50,40103.0,14.0,Bangalore,High School,4.059746774139233,Average,HR,10
109,22,84772.0,14.0,Pune,UG,1.710454626519,Good,IT,4
110,59,34382.0,1.0,Mumbai,High School,4.9851832288936375,Good,Finance,5
111,56,104291.0,0.0,Delhi,UG,3.349436736113633,Good,IT,8
112,58,23756.0,10.0,Mumbai,PG,4.090480319598798,Average,Sales,9
113,45,40609.0,9.0,Chennai,High School,8.511146112300649,Good,Finance,10
114,24,36478.0,17.0,Bangalore,UG,9.419360621747462,Poor,IT,10
115,26,59666.0,17.0,Bangalore,UG,2.6715976480466708,Poor,Finance,9
116,25,95683.0,16.0,Mumbai,High School,4.352580383981193,Average,IT,9
117,29,119097.0,7.0,Pune,PG,9.357675059038547,Poor,HR,10
118,51,91315.0,14.0,Delhi,UG,1.5562761462030037,Average,IT,6
119,50,97834.0,7.0,Bangalore,High School,1.8312447530024065,Poor,Finance,8
120,40,34153.0,16.0,Chennai,PG,2.465118902856064,Poor,Sales,6
121,41,96325.0,11.0,Chennai,UG,6.356915507141872,Poor,Sales,5
122,54,32999.0,7.0,Pune,UG,2.354250439053977,Average,Sales,4
123,52,75318.0,13.0,Bangalore,PG,9.712687433056601,Average,IT,9
124,61,20814.0,3.0,Mumbai,,5.020430745326683,Good,HR,11
125,57,96077.0,0.0,Chennai,High School,5.513661643151497,Average,IT,8
126,39,110474.0,0.0,Pune,High School,3.2199275422486586,Poor,Sales,9
127,44,22443.0,18.0,Bangalore,UG,5.238642271912601,Poor,Finance,6
128,52,95993.0,15.0,Bangalore,PG,6.957222693733104,Average,Sales,7
129,18,95916.0,13.0,Bangalore,PG,7.760594232586385,Average,Finance,5
130,52,93319.0,15.0,Bangalore,PG,7.784812744389217,Average,HR,4
131,54,37368.0,4.0,Bangalore,UG,6.201020014246795,Good,Finance,5
132,64,35328.0,8.0,Chennai,PG,9.139237974944715,Poor,IT,7
133,31,76942.0,1.0,Pune,PG,8.356670625754983,Good,IT,4
134,20,111751.0,17.0,Bangalore,UG,7.813433032287628,Good,IT,7
135,18,119131.0,5.0,Delhi,High School,1.5004496951241455,Poor,Finance,5
136,22,47306.0,,Delhi,High School,1.0619016599768438,Poor,IT,6
137,43,105451.0,0.0,Pune,UG,2.9120254947592565,Average,IT,10
138,31,59915.0,8.0,Mumbai,PG,6.9717123452210705,Average,IT,5
139,56,57219.0,15.0,Mumbai,UG,4.700777399942912,Good,HR,5
140,44,100879.0,12.0,Mumbai,High School,4.621656333693806,Average,Finance,5
141,26,84644.0,8.0,Delhi,High School,8.961281994066525,Average,Finance,8
142,32,80279.0,12.0,Mumbai,UG,9.060065633186548,Poor,Sales,7
143,32,,,Chennai,UG,9.182577376482271,Poor,Finance,11
144,43,20126.0,10.0,Bangalore,High School,3.8249026886352455,Average,HR,7
145,59,72329.0,3.0,Delhi,UG,7.219502314653356,Poor,Finance,9
146,30,47632.0,1.0,Pune,High School,3.444698631469327,Average,HR,7
147,49,85310.0,5.0,Pune,UG,2.715488497670048,Poor,HR,9
148,56,75176.0,13.0,Bangalore,,2.661692116126323,Poor,Finance,8
149,49,106066.0,3.0,Delhi,UG,4.078968587772346,Poor,Sales,6
150,21,64327.0,5.0,Mumbai,High School,4.869618578018395,Poor,IT,9
151,47,88904.0,18.0,Mumbai,UG,8.478542539495615,Average,IT,5
152,54,23797.0,5.0,Chennai,High School,2.079019841254409,Good,Finance,6
153,40,67882.0,,Chennai,High School,7.614332626554048,Poor,Finance,10
154,56,33718.0,17.0,Mumbai,UG,5.7830942277037485,Average,HR,8
155,62,54560.0,12.0,Pune,UG,3.5915080840839324,Average,Finance,7
156,32,96589.0,8.0,Pune,High School,5.4353762607954215,Poor,HR,9
157,60,42116.0,18.0,Chennai,High School,3.6994786279932037,Good,Sales,11
158,46,56244.0,12.0,Bangalore,PG,6.364737597144754,Poor,Finance,5
159,53,21645.0,10.0,,High School,4.904595305697198,Average,IT,4
160,30,,0.0,Chennai,PG,2.4796497617099087,Good,IT,10
161,49,39256.0,6.0,Chennai,PG,2.0492476710012704,Average,Finance,4
162,24,73173.0,14.0,Mumbai,PG,5.920261138649171,Poor,HR,6
163,39,57430.0,0.0,Mumbai,UG,9.12171729957493,Good,IT,7
164,45,59282.0,11.0,Pune,UG,4.09561917901917,Average,HR,11
165,19,83374.0,6.0,Bangalore,High School,7.597000965003609,Average,Finance,4
166,59,88244.0,14.0,Bangalore,PG,6.927952194457903,Average,Finance,6
167,62,31694.0,18.0,Mumbai,UG,9.38399422878533,Poor,IT,8
168,23,76264.0,0.0,Delhi,UG,8.388829155692267,Good,Finance,6
169,45,95060.0,16.0,Chennai,UG,6.099447330149167,Poor,Sales,10
170,45,117416.0,16.0,Chennai,UG,6.9132744841069655,Poor,Sales,11
171,61,77545.0,2.0,Mumbai,,9.085478199256315,Poor,IT,11
172,61,59224.0,11.0,Delhi,PG,4.595669061282413,Good,Sales,6
173,37,117945.0,5.0,Pune,PG,3.941152352719996,Poor,HR,10
174,47,,10.0,Mumbai,PG,1.0972997527167672,Poor,IT,6
175,28,60738.0,2.0,Mumbai,PG,8.438959667723179,Poor,IT,11
176,45,45150.0,7.0,Chennai,High School,8.208826303630284,Poor,HR,11
177,42,83731.0,13.0,,PG,1.9400906629013623,Average,Sales,5
178,56,69688.0,13.0,Mumbai,UG,6.191716430194302,Poor,Sales,6
179,50,119929.0,9.0,Mumbai,PG,5.1758352835019865,Average,Sales,9
180,18,93509.0,1.0,Chennai,High School,2.0683818595820034,Poor,IT,6
181,44,28577.0,13.0,Pune,UG,9.825114043546511,Good,IT,11
182,30,28070.0,,Pune,,2.932262987170199,Average,Sales,5
183,58,28666.0,2.0,Mumbai,PG,1.6051076208150503,Average,Finance,5
184,20,77761.0,7.0,,PG,6.353626415517186,Average,Sales,8
185,56,,,Pune,UG,7.649800094197294,Average,HR,10
186,23,26783.0,1.0,Pune,UG,1.2919910144246827,Good,IT,7
187,25,61914.0,5.0,Pune,High School,6.9284587485432,Poor,HR,4
188,44,90507.0,11.0,Chennai,UG,5.79062688356309,Average,HR,4
189,26,,4.0,Chennai,UG,1.9293850798754357,Good,IT,6
190,54,87526.0,1.0,Mumbai,PG,2.5527148925172587,Average,Finance,8
191,50,90835.0,15.0,Bangalore,UG,6.111768675844725,Poor,Sales,6
192,59,65765.0,4.0,Pune,PG,3.6672185216195956,Average,HR,4
193,61,39956.0,14.0,Bangalore,PG,9.444841557861844,Good,IT,10
194,41,107895.0,11.0,Chennai,UG,8.368662065356457,Poor,HR,11
195,32,66240.0,3.0,Chennai,High School,9.852104858622967,Good,Sales,10
196,49,57148.0,14.0,Chennai,High School,3.3370375505537258,Poor,Finance,10
197,49,114270.0,10.0,Bangalore,UG,9.727512695181794,Poor,Finance,5
198,41,24757.0,15.0,Chennai,High School,4.881104828124021,Poor,Finance,11
199,58,39097.0,5.0,Mumbai,PG,4.127669157823791,Average,IT,7
200,29,30395.0,13.0,Chennai,PG,1.4531457427241792,Good,IT,11
201,56,36241.0,17.0,Delhi,UG,1.4748873207364235,Good,Finance,8
202,19,47696.0,11.0,Bangalore,,7.228101303519892,Good,Sales,5
203,20,90480.0,10.0,Delhi,High School,5.121360949906251,Poor,Sales,7
204,54,66163.0,12.0,Chennai,PG,3.0386946343249512,Average,IT,8
205,34,39816.0,10.0,Mumbai,UG,6.525732756927094,Poor,Finance,8
206,19,69840.0,15.0,Pune,High School,3.2757230642510007,Good,Sales,4
207,19,72853.0,14.0,Chennai,UG,6.1986857890998035,Average,Sales,5
208,45,44917.0,14.0,Mumbai,High School,4.232878722844213,Average,Sales,8
209,40,116731.0,3.0,Bangalore,,8.411970039506372,Average,IT,9
210,54,41566.0,10.0,Delhi,PG,8.386265446901014,Good,Finance,10
211,49,95452.0,18.0,Delhi,UG,5.296153583101612,Average,HR,8
212,50,82823.0,14.0,Delhi,PG,4.157371984015141,Average,Finance,7
213,18,40806.0,3.0,Bangalore,High School,4.263038169031851,Poor,Finance,4
214,36,95520.0,12.0,Mumbai,PG,8.251430731013961,Poor,IT,6
215,19,21759.0,18.0,Bangalore,UG,3.953615345178508,Average,Sales,10
216,61,61949.0,1.0,Delhi,UG,2.881534363361614,Average,Sales,4
217,43,112374.0,13.0,Chennai,UG,1.7621950768777614,Poor,IT,6
218,49,22482.0,3.0,Pune,High School,5.200238087959676,Poor,IT,5
219,23,44442.0,15.0,Bangalore,High School,5.339188890278577,Poor,IT,5
220,49,53719.0,19.0,Bangalore,High School,8.568178393626164,Good,IT,8
221,21,78066.0,13.0,Mumbai,High School,2.991148268014576,Good,IT,9
222,28,113501.0,14.0,Mumbai,High School,4.428921463015599,Poor,HR,5
223,34,22079.0,2.0,Bangalore,PG,8.27565165004322,Average,Finance,11
224,55,22717.0,,Delhi,High School,8.412612496740762,Poor,Finance,8
225,41,79676.0,15.0,Pune,High School,4.461499683808913,Good,Finance,10
226,22,47952.0,9.0,Mumbai,PG,5.132116209580128,Average,Sales,4
227,51,106444.0,3.0,Delhi,High School,3.7295730176435464,Good,HR,5
228,23,62460.0,17.0,Chennai,UG,9.392993905773809,Average,Finance,11
229,39,110397.0,1.0,Mumbai,High School,2.067793891674223,Good,Sales,4
230,28,92847.0,16.0,Delhi,High School,9.40374480701323,Average,HR,4
231,33,113607.0,12.0,Delhi,UG,7.154798066518089,Average,HR,9
232,50,109106.0,3.0,Pune,UG,5.784149374180581,Average,Sales,5
233,26,38449.0,10.0,Pune,UG,1.2939315470604629,Average,HR,4
234,23,53536.0,6.0,Chennai,UG,5.280365726398075,Good,Sales,9
235,33,84077.0,11.0,Delhi,High School,4.669732945024591,Good,Finance,9
236,46,58258.0,9.0,Delhi,UG,2.450969307776103,Average,Sales,5
237,20,68302.0,6.0,Pune,UG,6.907686431505912,Average,HR,9
238,37,48865.0,12.0,Mumbai,PG,9.740358166314572,Good,Finance,5
239,53,26645.0,6.0,Mumbai,,6.059699299580726,Average,Finance,11
240,36,58000.0,16.0,Bangalore,UG,7.4327794879955125,Average,IT,5
241,43,46737.0,9.0,Pune,PG,1.616054073094151,Average,IT,6
242,20,31485.0,9.0,Bangalore,PG,4.759002962352953,Poor,HR,4
243,36,58565.0,3.0,Pune,High School,2.047226366480463,Average,Sales,11
244,37,45522.0,19.0,Chennai,PG,6.515162519828594,Poor,Sales,7
245,49,85155.0,,Delhi,High School,9.446339423927391,Average,HR,5
246,24,75168.0,6.0,Chennai,PG,6.955999592244747,Good,Finance,4
247,58,72487.0,0.0,Pune,PG,1.6912274348297938,Poor,HR,10
248,50,32342.0,11.0,,High School,4.191995844865746,Poor,HR,9
249,57,60806.0,12.0,Mumbai,PG,5.9559704149676636,Average,Finance,8
250,56,68770.0,9.0,Mumbai,High School,4.62886980519927,Average,Sales,5
251,35,98623.0,14.0,Bangalore,PG,8.502796094276551,Poor,HR,9
252,57,119785.0,12.0,Pune,UG,8.332039042389903,Good,Sales,9
253,18,95629.0,8.0,Pune,PG,6.506479180928993,Good,HR,9
254,28,72603.0,8.0,Mumbai,High School,4.361121506194348,Average,Finance,9
255,45,101974.0,14.0,Chennai,PG,3.2980273638691973,Good,Finance,9
256,42,46399.0,9.0,Delhi,High School,1.9528688639181637,Good,IT,5
257,40,105382.0,9.0,Chennai,High School,4.194079151378986,Average,Finance,10
258,48,101244.0,7.0,Chennai,,4.718552654869476,Good,IT,7
259,47,96534.0,15.0,Mumbai,UG,7.082406325936662,Average,HR,6
260,59,75106.0,16.0,Mumbai,High School,6.9234384186781615,Poor,Sales,9
261,52,,4.0,Mumbai,PG,1.6309732567713127,Average,Finance,9
262,24,96218.0,3.0,Bangalore,High School,4.55733383888042,Poor,Finance,6
263,33,83230.0,,Chennai,High School,2.6360098049562573,Poor,Finance,10
264,43,94055.0,18.0,Pune,PG,2.4113143478512513,Good,HR,11
265,19,76373.0,3.0,Delhi,PG,8.445719347635213,Good,IT,10
266,18,51480.0,6.0,Bangalore,PG,1.3772369504463178,Good,HR,11
267,29,105230.0,9.0,Pune,PG,4.772645883119091,Average,Sales,5
268,22,88836.0,17.0,Chennai,High School,2.5138329018986636,Good,HR,4
269,54,,18.0,Mumbai,High School,8.913971941106265,Poor,Sales,8
270,49,59986.0,3.0,Chennai,UG,6.0133646194753165,Good,Finance,8
271,26,44160.0,9.0,Delhi,High School,3.082425727391632,Good,Sales,4
272,58,105595.0,0.0,Bangalore,PG,5.521845584497388,Average,Sales,5
273,52,99111.0,17.0,Bangalore,UG,7.583377237328042,Average,IT,8
274,36,,4.0,Delhi,PG,9.623062080274904,Poor,Sales,10
275,33,93506.0,14.0,Pune,High School,2.9840140382087705,Average,Sales,6
276,20,54911.0,16.0,Pune,UG,8.975635949164106,Good,HR,4
277,37,107127.0,2.0,Bangalore,PG,9.408737027507412,Average,Finance,10
278,41,51821.0,11.0,Bangalore,UG,9.247784900788597,Poor,HR,7
279,50,95039.0,1.0,Mumbai,UG,6.718729211757188,Good,HR,5
280,41,80535.0,0.0,Pune,High School,6.668385889912369,Poor,Finance,4
281,28,104458.0,16.0,Delhi,PG,4.628895698654405,Average,Finance,8
282,25,32175.0,15.0,Pune,UG,7.771580940734091,Average,Sales,5
283,53,,4.0,Mumbai,UG,5.781646165158388,Poor,Sales,6
284,55,106925.0,,Bangalore,PG,7.096942641054651,Good,IT,5
285,57,86358.0,2.0,Bangalore,UG,4.856121134639159,Average,HR,5
286,37,37327.0,6.0,Mumbai,UG,7.583468176388251,Average,Finance,6
287,52,67057.0,10.0,Delhi,UG,8.420243658440942,Good,Sales,9
288,42,26150.0,9.0,Bangalore,PG,2.317926309425345,Average,Finance,6
289,52,24425.0,8.0,Chennai,PG,8.496367440168052,Poor,Sales,10
290,42,36032.0,13.0,Bangalore,PG,5.862668786112765,Average,IT,5
291,46,,12.0,,PG,8.60199318181202,Average,IT,11
292,35,80500.0,1.0,Mumbai,High School,4.881715357069131,Good,Finance,6
293,63,73394.0,2.0,Mumbai,UG,4.411364368447315,Poor,IT,9
294,35,40079.0,6.0,Bangalore,PG,9.235546592655002,Good,Finance,10
295,19,56220.0,17.0,Pune,UG,3.2605234079356116,Average,Sales,11
296,52,61874.0,2.0,Chennai,UG,8.597910927575288,Average,HR,11
297,33,33859.0,9.0,Delhi,High School,5.356185152584637,Good,IT,4
298,58,70460.0,6.0,Bangalore,PG,5.626858982961338,Good,Sales,6
299,53,51419.0,8.0,Delhi,PG,3.7762145334053563,Good,HR,6
300,50,28705.0,16.0,Bangalore,UG,6.157379805571141,Poor,HR,5
301,21,,10.0,,PG,3.9269007664859017,Average,HR,10
302,50,43236.0,6.0,Pune,UG,1.3534247281748708,Good,Sales,4
303,31,107955.0,13.0,Pune,UG,3.4479874480992043,Average,Sales,7
304,38,105514.0,18.0,Pune,High School,1.057411390659316,Poor,Finance,7
305,37,35358.0,3.0,Mumbai,High School,9.80519308351171,Poor,HR,8
306,25,119713.0,5.0,Mumbai,High School,9.691724888377728,Poor,HR,6
307,24,114914.0,9.0,Chennai,UG,4.556397677250745,Poor,HR,6
308,20,96918.0,6.0,Delhi,PG,7.555337689056814,Average,Finance,4
309,34,34596.0,12.0,Bangalore,High School,4.112254885693825,Poor,HR,9
310,50,53572.0,13.0,Bangalore,PG,7.039838413773785,Poor,Sales,7
311,29,98757.0,3.0,Mumbai,High School,8.248870387413811,Good,HR,8
312,39,,7.0,Bangalore,High School,9.520806202230167,Poor,IT,4
313,39,83197.0,4.0,Mumbai,UG,4.601910482647048,Good,Sales,6
314,63,82516.0,0.0,Chennai,High School,8.049681846604429,Poor,Finance,7
315,47,27083.0,3.0,Delhi,High School,3.393356055689069,Poor,HR,10
316,55,37771.0,2.0,Chennai,UG,9.912990734142834,Good,IT,8
317,55,49975.0,8.0,Pune,PG,1.2319263888791603,Poor,Finance,5
318,62,65648.0,7.0,Pune,High School,6.4317592585100885,Average,Finance,7
319,25,68285.0,,Pune,UG,6.935553834861944,Average,Sales,8
320,44,39063.0,5.0,Chennai,High School,7.19241001366716,Poor,Finance,4
321,44,87642.0,8.0,Bangalore,UG,2.083488209101801,Average,Finance,5
322,51,110093.0,6.0,Delhi,PG,9.446768051258173,Good,Finance,8
323,38,106143.0,3.0,Pune,PG,2.6306495114507453,Poor,Finance,8
324,47,57599.0,12.0,Pune,UG,6.60478062915857,Poor,HR,11
325,50,71920.0,16.0,Pune,UG,3.0040847121077645,Good,HR,11
326,45,48529.0,1.0,Delhi,UG,3.764947753191438,Good,HR,11
327,64,55954.0,4.0,Pune,PG,5.918126875553119,Good,HR,6
328,50,47856.0,11.0,Delhi,High School,4.754740767081188,Poor,IT,9
329,22,22573.0,7.0,Pune,PG,2.4420304087885567,Good,HR,7
330,36,98344.0,5.0,Chennai,UG,2.5384276217876347,Good,Finance,6
331,21,55367.0,7.0,Chennai,UG,4.763303093465197,Average,HR,10
332,52,119608.0,17.0,Delhi,PG,7.8155468044795064,Average,HR,5
333,34,80774.0,2.0,Chennai,UG,9.081681821630097,Poor,Sales,9
334,61,43752.0,11.0,Delhi,PG,1.7571489603344457,Average,Finance,8
335,45,75029.0,2.0,Chennai,UG,4.537935168034609,Average,HR,6
336,47,37685.0,5.0,Chennai,High School,1.9022100735058896,Good,HR,11
337,46,71693.0,1.0,Delhi,High School,1.149332325693381,Good,HR,9
338,63,,11.0,Bangalore,UG,6.95546814379561,Average,IT,10
339,23,96908.0,1.0,Chennai,PG,6.42204497769929,Average,HR,7
340,52,94532.0,5.0,Pune,,2.467172024333976,Average,Sales,10
341,58,101994.0,16.0,Bangalore,PG,3.104315497837577,Poor,Finance,5
342,54,76133.0,2.0,Delhi,UG,1.2133697828006653,Poor,Finance,4
343,41,117425.0,1.0,Bangalore,PG,8.514524851249632,Poor,HR,6
344,46,81268.0,19.0,Mumbai,High School,9.772215364436963,Average,HR,11
345,63,112201.0,7.0,Mumbai,PG,2.2191358311522174,Average,HR,5
346,48,58243.0,11.0,Chennai,PG,3.083276923887683,Poor,Finance,4
347,52,77384.0,3.0,Chennai,UG,8.815685715522406,Poor,Finance,11
348,50,51653.0,4.0,Pune,UG,9.338174181605664,Average,IT,11
349,38,46657.0,12.0,Bangalore,UG,4.776646445261293,Good,Sales,11
350,49,59952.0,14.0,Mumbai,High School,1.4556022504216672,Poor,IT,6
351,40,42180.0,15.0,Chennai,High School,1.3545265032353746,Average,Sales,5
352,50,117432.0,9.0,Bangalore,UG,6.165548794621094,Average,IT,11
353,20,98411.0,15.0,Chennai,UG,4.536055980038611,Good,Finance,10
354,35,21622.0,11.0,Chennai,,1.2578718481988906,Average,IT,5
355,42,68756.0,16.0,Mumbai,High School,6.249271530813011,Average,Sales,9
356,59,60809.0,15.0,Mumbai,High School,1.1017228293012022,Poor,HR,10
357,48,36725.0,11.0,Chennai,High School,8.086347623343457,Poor,Sales,6
358,20,81396.0,7.0,Delhi,,3.7578954043303443,Good,HR,11
359,57,71226.0,19.0,Chennai,High School,1.362322027083089,Good,Finance,5
360,63,101182.0,,Chennai,UG,6.29516998884838,Average,Sales,8
361,41,102565.0,15.0,Pune,PG,4.579159729897492,Poor,IT,6
362,49,49402.0,12.0,Pune,PG,9.764203720214345,Good,Sales,5
363,64,24263.0,18.0,Pune,High School,5.89778796253332,Good,HR,9
364,39,116523.0,7.0,Delhi,PG,3.477152629333075,Good,Finance,11
365,40,66828.0,4.0,Delhi,PG,7.384949781705773,Average,IT,4
366,19,67924.0,19.0,Chennai,PG,3.443428022884402,Poor,Sales,11
367,44,94182.0,7.0,Pune,,9.138189622668087,Good,HR,4
368,59,113065.0,11.0,Delhi,High School,4.372497734566387,Poor,IT,8
369,19,79052.0,0.0,Mumbai,PG,5.948817064985847,Good,Finance,6
370,43,31664.0,19.0,Chennai,UG,1.4551579344180596,Good,IT,9
371,34,55737.0,,Bangalore,PG,4.835091141570077,Poor,Finance,5
372,57,109563.0,17.0,Chennai,High School,8.491271856948956,Poor,IT,5
373,50,49373.0,7.0,Bangalore,High School,8.250839248270077,Poor,Sales,4
374,26,56397.0,6.0,Pune,High School,3.0188670296817364,Average,HR,9
375,60,106145.0,0.0,Bangalore,PG,3.034711639095064,Good,Sales,10
376,56,58709.0,15.0,Pune,UG,8.35574780991913,Average,Sales,8
377,46,81120.0,11.0,Mumbai,High School,9.37358578152393,Poor,Finance,4
378,59,39250.0,5.0,Bangalore,High School,1.858248291457032,Good,Finance,4
379,43,41172.0,19.0,Chennai,PG,5.050527754836027,Average,Finance,8
380,52,31555.0,1.0,Pune,UG,4.0370885106780605,Good,Sales,6
381,42,107410.0,13.0,Chennai,PG,8.836196099116954,Average,IT,5
382,41,98617.0,3.0,Delhi,High School,1.751724232120169,Poor,IT,6
383,30,73276.0,0.0,Pune,UG,2.9001334830223366,Average,Sales,9
384,24,77492.0,17.0,Bangalore,UG,7.772215038278449,Good,Sales,10
385,53,73002.0,12.0,Pune,High School,1.4616446408309403,Good,HR,11
386,62,109599.0,1.0,Chennai,UG,5.432818426428604,Good,Finance,7
387,37,92355.0,8.0,Mumbai,UG,4.9789633121174806,Good,Finance,7
388,18,111248.0,1.0,,PG,4.009610610898738,Poor,Sales,7
389,25,44762.0,8.0,Bangalore,,4.551150837870314,Average,Sales,8
390,63,31046.0,0.0,Delhi,High School,5.769465282372097,Poor,IT,4
391,33,116999.0,10.0,Mumbai,High School,2.452306225495448,Poor,Sales,10
392,31,48769.0,2.0,Delhi,High School,6.147962904552335,Poor,IT,6
393,29,73302.0,19.0,Pune,High School,8.248890963699877,Good,Sales,11
394,40,43150.0,3.0,Chennai,UG,7.841448368111431,Good,HR,5
395,32,88247.0,17.0,Chennai,PG,2.385099142243963,Good,HR,7
396,45,24853.0,5.0,Bangalore,High School,2.343245227673265,Average,IT,6
397,51,114613.0,2.0,Chennai,PG,3.41356930970422,Good,Finance,7
398,19,109399.0,10.0,Mumbai,PG,4.249672537069335,Average,HR,10
399,49,41792.0,14.0,Chennai,UG,4.676100232676344,Good,IT,7
400,40,,4.0,Bangalore,,7.117274951500107,Good,Sales,5
401,39,94478.0,19.0,Pune,UG,1.5101238894925186,Poor,Sales,11
402,42,87298.0,9.0,Pune,High School,1.3120543380345975,Poor,IT,9
403,39,51987.0,11.0,Chennai,UG,4.527195066495182,Poor,Finance,9
404,39,35850.0,14.0,Delhi,PG,7.274473229241824,Average,IT,10
405,59,32112.0,16.0,,High School,2.7409180866083434,Average,IT,9
406,23,44058.0,9.0,Chennai,PG,6.773540331306266,Good,HR,8
407,32,65420.0,5.0,Bangalore,PG,3.338453241462695,Average,IT,4
408,60,58890.0,17.0,,UG,8.974774979321648,Good,IT,8
409,54,,12.0,Pune,High School,9.061209498399549,Average,Sales,6
410,50,67304.0,2.0,Bangalore,PG,3.6755848385319383,Average,HR,8
411,25,52921.0,9.0,Chennai,UG,3.0699437856691647,Average,Sales,6
412,61,21524.0,13.0,Mumbai,High School,4.701735748596081,Poor,Sales,6
413,61,35048.0,5.0,Bangalore,High School,3.1647842666213384,Average,Finance,4
414,22,55111.0,2.0,Mumbai,PG,7.051454589625333,Poor,Finance,5
415,56,57904.0,15.0,Delhi,High School,8.43458216093457,Poor,HR,11
416,21,74912.0,6.0,Bangalore,PG,7.057829178200953,Average,HR,10
417,23,54008.0,19.0,Mumbai,High School,8.419154025244145,Good,Finance,4
418,62,20060.0,13.0,Pune,UG,4.572929459867267,Good,Finance,10
419,49,94666.0,8.0,Pune,PG,2.4068527363797476,Good,Finance,9
420,47,103559.0,14.0,Delhi,PG,7.641558526578329,Average,Finance,9
421,64,75337.0,2.0,Bangalore,High School,4.2442705462739845,Good,Finance,8
422,52,33350.0,1.0,Bangalore,High School,7.041437427062193,Poor,Sales,6
423,57,44354.0,1.0,Bangalore,PG,3.435795477835891,Good,HR,7
424,33,,2.0,Delhi,High School,1.731066713260054,Average,Sales,7
425,30,48145.0,17.0,Bangalore,UG,9.933236159389871,Good,Sales,10
426,59,54020.0,13.0,Pune,High School,2.4058135713753934,Poor,IT,6
427,47,106123.0,,Mumbai,UG,9.89578894567133,Average,Sales,10
428,36,95186.0,17.0,Pune,UG,9.795519393098026,Good,Finance,4
429,34,105469.0,9.0,Pune,,8.144362935172357,Average,Finance,5
430,36,40581.0,1.0,Mumbai,UG,6.934806658737978,Average,IT,11
431,45,108929.0,0.0,Pune,UG,6.200263452259763,Average,IT,4
432,43,43051.0,3.0,Delhi,High School,8.794913908400513,Good,IT,6
433,54,71474.0,13.0,Mumbai,UG,3.6049556945753913,Average,IT,6
434,43,111748.0,0.0,Pune,High School,5.209130912363893,Good,IT,5
435,40,89626.0,13.0,Chennai,UG,6.574509724298517,Poor,Sales,10
436,26,26960.0,15.0,Pune,PG,4.70071428282542,Good,IT,8
437,29,55772.0,13.0,Delhi,UG,4.847378086812412,Poor,Sales,8
438,18,41520.0,19.0,Bangalore,PG,3.9725620075187598,Good,HR,5
439,18,69481.0,,Pune,UG,6.078086350160825,Average,IT,8
440,64,56408.0,2.0,Bangalore,UG,8.655170752136044,Good,IT,7
441,51,114006.0,8.0,Chennai,UG,2.813755402056816,Average,Sales,8
442,49,77134.0,5.0,Pune,PG,9.409897348780973,Poor,HR,8
443,42,40491.0,12.0,Mumbai,PG,7.201788883734067,Good,Sales,8
444,57,21341.0,1.0,Bangalore,UG,8.409458914120272,Average,Sales,7
445,62,64623.0,7.0,Chennai,High School,6.005716233670105,Poor,IT,10
446,18,110327.0,,Mumbai,UG,8.015650312816572,Poor,Finance,8
447,33,20338.0,3.0,Mumbai,PG,1.1458035760552048,Good,Finance,9
448,56,91431.0,14.0,Mumbai,UG,8.365423823015817,Poor,Sales,7
449,22,32254.0,3.0,Mumbai,PG,1.3612497317682988,Average,IT,5
450,39,71860.0,12.0,Pune,PG,9.009220387265762,Poor,HR,4
451,46,31344.0,11.0,Pune,PG,9.927664725147789,Poor,Finance,5
452,20,21750.0,12.0,Pune,UG,3.6466071595910003,Average,HR,4
453,29,74756.0,13.0,Chennai,PG,2.8928670065721427,Poor,Finance,11
454,43,87957.0,19.0,Chennai,PG,7.888270274722366,Poor,IT,5
455,33,78053.0,17.0,Chennai,UG,3.277237068282279,Poor,Sales,9
456,54,90855.0,5.0,Delhi,PG,8.790061448549832,Poor,HR,4
457,39,35896.0,10.0,Chennai,UG,1.9255833294172904,Average,HR,4
458,46,,1.0,Pune,PG,2.1335967674142244,Poor,Sales,6
459,31,82552.0,18.0,,High School,9.81236399590554,Average,HR,4
460,45,97454.0,18.0,Delhi,High School,7.064550084430042,Poor,Finance,4
461,22,110600.0,4.0,Delhi,PG,8.621985019860574,Poor,Sales,6
462,64,47935.0,,Chennai,High School,3.918964396163662,Poor,Finance,8
463,47,57641.0,1.0,Bangalore,,7.08835374568544,Poor,Finance,8
464,63,49711.0,9.0,Delhi,High School,6.348176445777375,Average,IT,6
465,22,90342.0,1.0,,PG,6.428351081106523,Average,Finance,7
466,29,32182.0,10.0,Pune,PG,7.142792135839494,Average,IT,11
467,33,107833.0,17.0,Mumbai,UG,6.178232558161887,Good,HR,4
468,43,76276.0,14.0,Pune,PG,4.861561323723993,Poor,HR,4
469,43,39541.0,8.0,Pune,UG,3.4833042494249216,Poor,IT,6
470,38,114457.0,18.0,Delhi,High School,7.917231978218818,Average,Finance,6
471,56,102310.0,8.0,Delhi,High School,3.036451870028676,Good,Sales,7
472,53,64813.0,2.0,Mumbai,UG,7.231188755389727,Poor,Sales,9
473,50,57198.0,8.0,Pune,UG,3.09999540384394,Average,IT,8
474,47,28820.0,13.0,Mumbai,PG,6.627971529590085,Poor,HR,5
475,54,44070.0,18.0,Bangalore,High School,7.723704404161261,Poor,HR,9
476,40,89768.0,6.0,Mumbai,UG,2.968425000158853,Average,Sales,10
477,27,31122.0,15.0,Chennai,High School,1.5394897077517746,Average,IT,8
478,22,100559.0,15.0,Mumbai,UG,2.178763686947567,Poor,Sales,4
479,53,93543.0,0.0,Chennai,High School,6.453972705439229,Poor,Finance,10
480,51,103441.0,3.0,Chennai,PG,8.64501765603162,Average,Finance,9
481,48,61786.0,3.0,Chennai,High School,1.4049713911188193,Poor,IT,6
482,27,114934.0,6.0,Bangalore,High School,7.6073613313748165,Poor,IT,7
483,36,119804.0,7.0,Mumbai,High School,4.071867813550469,Average,Finance,8
484,49,26737.0,16.0,Mumbai,High School,5.306755329275703,Poor,HR,7
485,18,56062.0,4.0,Bangalore,High School,9.35973594861009,Poor,IT,10
486,22,74237.0,6.0,Pune,PG,3.987743542622609,Good,Finance,8
487,62,71571.0,19.0,Delhi,UG,5.188032405455375,Average,Finance,11
488,21,45510.0,19.0,Mumbai,High School,1.12314173284613,Good,HR,11
489,33,39426.0,3.0,Delhi,PG,1.7343884800435454,Good,HR,9
490,41,57265.0,5.0,Bangalore,High School,3.327324320213056,Good,HR,4
491,33,,6.0,Pune,High School,1.2506701673896696,Poor,HR,11
492,19,86150.0,17.0,Pune,UG,6.682377934434259,Poor,Sales,11
493,45,107312.0,4.0,Pune,High School,4.837585211214603,Good,HR,5
494,49,109613.0,19.0,Bangalore,PG,5.933306824552198,Good,Sales,7
495,44,94910.0,2.0,,PG,2.571824673066966,Good,IT,7
496,37,72375.0,6.0,Chennai,UG,3.6633882649295453,Poor,Finance,11
497,41,,13.0,Delhi,High School,6.974420273674526,Good,Sales,5
498,29,116443.0,6.0,Chennai,PG,9.687724512673599,Good,IT,7
499,52,77132.0,4.0,Chennai,,1.4537509624198828,Average,IT,7
500,50,98945.0,4.0,Pune,High School,9.013458887697395,Average,Sales,8
501,50,102050.0,1.0,Pune,High School,6.1919308118008765,Poor,IT,8
502,60,115402.0,,Delhi,UG,6.075276100800614,Average,IT,5
503,54,22983.0,14.0,Mumbai,High School,5.502506816869843,Average,Sales,10
504,29,117241.0,9.0,Delhi,PG,1.6245467731376504,Average,IT,4
505,20,,6.0,Delhi,,1.808891665625446,Poor,HR,9
506,18,43510.0,4.0,Bangalore,PG,6.4082080509317745,Average,HR,11
507,50,98187.0,0.0,Bangalore,High School,4.0686271429200245,Poor,Finance,11
508,57,60998.0,12.0,,PG,9.255412599199126,Good,IT,9
509,27,76846.0,17.0,,PG,4.65931483623525,Average,Finance,11
510,60,114071.0,12.0,Delhi,High School,2.28953312832377,Poor,HR,11
511,61,26640.0,17.0,Chennai,High School,7.432469501518324,Average,HR,10
512,46,64547.0,4.0,Bangalore,PG,3.6401807929690886,Good,HR,7
513,30,,12.0,Delhi,UG,5.7292327662030385,Poor,IT,4
514,29,35317.0,3.0,Pune,High School,7.2804950695465305,Poor,IT,11
515,48,27564.0,16.0,Pune,UG,9.102377000818633,Poor,HR,5
516,63,47345.0,2.0,Chennai,High School,8.129720753215086,Good,Finance,10
517,19,114223.0,,Chennai,High School,7.087249610854517,Good,Finance,11
518,52,99273.0,10.0,Mumbai,High School,7.116698641556292,Good,Sales,5
519,40,94859.0,19.0,Mumbai,High School,9.513321796288778,Poor,HR,8
520,34,100765.0,3.0,Mumbai,UG,3.662416877468824,Good,Finance,7
521,43,94038.0,1.0,Chennai,High School,1.0100088477656866,Average,HR,6
522,25,72393.0,19.0,Chennai,PG,3.4475910345837883,Good,Finance,11
523,46,86081.0,15.0,Chennai,PG,2.961022416640696,Poor,Sales,5
524,43,49430.0,17.0,Pune,UG,6.956511266025983,Average,Sales,10
525,27,95532.0,7.0,Chennai,High School,6.703404397889761,Good,HR,7
526,43,47788.0,2.0,Pune,PG,6.341152444342514,Average,Finance,4
527,51,115505.0,8.0,Mumbai,UG,1.1461909888850834,Average,IT,10
528,58,68543.0,19.0,Mumbai,High School,7.5590024900558275,Poor,Sales,8
529,24,33919.0,5.0,Mumbai,PG,3.9117737123694236,Average,HR,9
530,21,89346.0,9.0,Delhi,PG,6.98550390105968,Average,HR,11
531,62,116122.0,9.0,Delhi,UG,6.0092058565193796,Poor,Finance,4
532,28,59974.0,12.0,Bangalore,High School,4.084578328851165,Poor,HR,5
533,46,,16.0,Bangalore,High School,2.2111864039369697,Poor,Sales,11
534,53,65084.0,8.0,Bangalore,PG,1.8497700789443285,Average,HR,5
535,42,49629.0,16.0,Delhi,PG,8.483664998010012,Average,HR,4
536,38,71184.0,8.0,Delhi,PG,9.265577878734021,Average,IT,5
537,53,81916.0,8.0,Bangalore,High School,6.848092420878697,Poor,IT,10
538,27,93972.0,0.0,Bangalore,UG,1.9309070337443504,Good,Sales,7
539,54,82187.0,1.0,,UG,4.618244951994166,Average,Finance,5
540,26,,15.0,Bangalore,High School,7.560452800946415,Good,IT,8
541,41,53039.0,0.0,Chennai,UG,8.018387956090613,Poor,Finance,7
542,52,105431.0,9.0,Pune,PG,2.0639676006197973,Average,Sales,10
543,52,103691.0,17.0,Delhi,UG,1.0002764696084419,Good,IT,11
544,53,78606.0,7.0,Bangalore,,7.409233412925445,Average,Finance,6
545,35,30616.0,10.0,Delhi,UG,4.209365583875851,Average,IT,11
546,56,70072.0,1.0,Delhi,PG,3.290331984564342,Average,Sales,5
547,49,44574.0,7.0,Delhi,High School,1.116077228105729,Good,Sales,5
548,41,23430.0,7.0,Pune,PG,5.8626946608534976,Poor,IT,8
549,40,32676.0,16.0,,High School,8.660356618833836,Average,Finance,10
550,49,30816.0,14.0,Bangalore,High School,9.61868481645329,Poor,HR,8
551,54,52733.0,16.0,Mumbai,High School,6.091704555519603,Poor,HR,9
552,29,105680.0,12.0,Mumbai,UG,5.630151949659048,Good,IT,10
553,30,22050.0,18.0,Mumbai,UG,1.76550746940317,Good,Finance,4
554,40,53933.0,4.0,Delhi,High School,5.939855213883398,Poor,HR,4
555,42,,11.0,Chennai,High School,4.419811710688552,Average,Sales,4
556,52,52413.0,0.0,Delhi,UG,6.464217527952193,Good,Finance,8
557,58,54801.0,4.0,Delhi,PG,4.49853713088892,Average,HR,4
558,47,75619.0,7.0,Mumbai,High School,3.1626921110533006,Average,Finance,10
559,34,52913.0,12.0,Delhi,PG,1.8546874770553885,Average,IT,4
560,37,60600.0,7.0,Mumbai,UG,3.834266001300062,Poor,Finance,6
561,42,77775.0,10.0,Chennai,High School,1.8698035085897704,Average,HR,4
562,39,110816.0,,Bangalore,PG,2.5920725574158556,Poor,IT,5
563,30,110093.0,12.0,Mumbai,PG,9.886025427215912,Poor,Finance,9
564,36,55400.0,18.0,Chennai,PG,4.996932012159568,Average,Sales,8
565,53,24494.0,2.0,Bangalore,UG,5.786845898545149,Average,HR,7
566,29,100688.0,16.0,Pune,UG,8.862566758634937,Average,IT,9
567,58,109431.0,4.0,Mumbai,PG,9.960120104416191,Average,Finance,6
568,36,,19.0,Mumbai,,6.244430044102134,Poor,Sales,8
569,29,117419.0,7.0,Pune,UG,8.312264389397544,Average,HR,10
570,26,63001.0,13.0,Pune,PG,3.9424692190300776,Average,Sales,11
571,24,87364.0,3.0,Mumbai,PG,3.7516956170256197,Poor,Finance,8
572,45,,10.0,Pune,UG,4.6243334889510415,Good,Finance,5
573,31,117659.0,19.0,,PG,7.0525653640628425,Good,IT,10
574,48,57573.0,14.0,Bangalore,PG,7.139725203295889,Poor,Sales,9
575,36,,18.0,Bangalore,PG,3.837154911845057,Good,IT,9
576,64,76638.0,,,UG,2.198889317229658,Poor,HR,4
577,33,49757.0,18.0,Delhi,PG,6.691566308189577,Average,IT,10
578,22,54636.0,18.0,Pune,UG,2.1549327596988808,Average,HR,11
579,52,100097.0,10.0,Chennai,UG,6.206432574063971,Good,Finance,5
580,29,68280.0,4.0,Pune,High School,7.2407991525067805,Average,Finance,4
581,42,44262.0,4.0,Mumbai,High School,7.305503467550064,Good,Sales,4
582,38,100435.0,7.0,Bangalore,PG,7.78124899593637,Good,HR,11
583,53,82211.0,9.0,Pune,UG,8.855734794090981,Average,Finance,8
584,40,74842.0,5.0,,High School,5.499630927683096,Average,Sales,9
585,33,76979.0,14.0,Mumbai,PG,7.572242705766141,Good,Sales,4
586,56,101470.0,15.0,Delhi,,6.57255461829253,Average,IT,6
587,62,58197.0,16.0,Delhi,High School,2.6797594581791433,Poor,Sales,6
588,59,61844.0,7.0,Chennai,UG,1.2312068038246735,Average,Finance,9
589,56,84754.0,7.0,Mumbai,UG,3.560872471092404,Average,IT,6
590,31,54157.0,8.0,Bangalore,High School,4.9873033570385745,Poor,HR,11
591,48,97129.0,1.0,Pune,High School,6.553953499857907,Average,HR,8
592,22,60042.0,14.0,Mumbai,UG,8.649633974528848,Average,Finance,5
593,52,81665.0,17.0,Delhi,PG,2.766211450355491,Good,Finance,7
594,40,102856.0,,,UG,2.129948109086294,Average,IT,4
595,46,47376.0,16.0,Chennai,High School,9.671319527268947,Average,IT,7
596,60,75554.0,,Pune,PG,1.972401034387664,Poor,Finance,5
597,28,34199.0,3.0,Chennai,High School,5.306419630964703,Good,Finance,5
598,35,101412.0,13.0,Chennai,PG,6.270073559139717,Good,HR,11
599,64,70948.0,,Mumbai,High School,5.872369788166944,Good,HR,8
600,29,93781.0,8.0,Bangalore,PG,1.7742894132964888,Average,HR,6
601,26,92750.0,17.0,Pune,PG,1.5132422260325744,Good,Finance,6
602,27,86262.0,9.0,Mumbai,High School,1.949350847149321,Poor,Sales,11
603,61,66600.0,3.0,Bangalore,,6.270289154853512,Good,Finance,5
604,34,96898.0,11.0,Mumbai,UG,5.89910398870889,Poor,Finance,8
605,55,82483.0,7.0,Mumbai,High School,3.1036671283306982,Good,HR,8
606,24,38297.0,1.0,,,6.739967276610324,Good,Finance,9
607,63,50448.0,12.0,Bangalore,,8.380607518500845,Poor,IT,10
608,30,46172.0,15.0,Pune,PG,1.3742106386193438,Good,Finance,4
609,57,62874.0,,Pune,PG,5.483169491932381,Good,Finance,11
610,59,27657.0,10.0,Bangalore,PG,7.203793708924213,Good,Finance,10
611,26,104386.0,9.0,Chennai,,3.2708073436271836,Average,Finance,11
612,44,45425.0,14.0,Delhi,UG,3.769938147638342,Poor,Sales,6
613,19,,16.0,Mumbai,UG,6.522741126904454,Good,Finance,5
614,22,44578.0,7.0,Chennai,High School,9.081417640993632,Poor,IT,11
615,46,48831.0,17.0,,High School,8.289319782726094,Poor,IT,11
616,54,27906.0,8.0,Mumbai,UG,6.248171971896252,Poor,Finance,9
617,55,81413.0,7.0,Pune,UG,7.571995459815243,Good,HR,7
618,36,74028.0,,Delhi,UG,4.283402231870188,Good,Sales,6
619,25,27287.0,17.0,Pune,UG,6.76868975288882,Poor,Finance,4
620,62,53660.0,19.0,Bangalore,High School,5.195634320148013,Average,Finance,8
621,18,95758.0,19.0,Mumbai,High School,2.7094252281180484,Poor,Finance,5
622,39,80504.0,11.0,Bangalore,PG,7.315644464895315,Average,HR,6
623,34,79720.0,18.0,Mumbai,UG,6.008181736139398,Poor,HR,7
624,24,54701.0,13.0,Chennai,PG,4.227594237582323,Poor,HR,11
625,42,103300.0,16.0,Delhi,High School,9.202052710707676,Poor,Sales,4
626,62,37674.0,2.0,Chennai,High School,1.1884070604405994,Good,IT,11
627,21,103560.0,6.0,Chennai,PG,3.841958361245464,Average,Sales,4
628,53,43874.0,16.0,Bangalore,UG,1.511932579998819,Average,HR,9
629,23,63642.0,11.0,,UG,7.898745845994645,Poor,IT,11
630,48,117820.0,8.0,Mumbai,UG,7.3189670870241335,Good,IT,6
631,36,85160.0,14.0,Mumbai,UG,3.9821699686268532,Good,HR,7
632,61,37602.0,17.0,Pune,PG,7.080966119863657,Average,HR,4
633,56,108801.0,12.0,Mumbai,PG,4.563435035763549,Good,Sales,5
634,44,45931.0,7.0,Bangalore,High School,7.806284122801909,Average,HR,4
635,27,114377.0,13.0,Chennai,UG,5.0876529646303545,Average,IT,7
636,43,49192.0,7.0,,UG,4.71051755048499,Average,Finance,8
637,36,66542.0,13.0,Chennai,UG,9.412569239394708,Good,HR,8
638,56,62520.0,6.0,,PG,3.2579118990163023,Average,HR,9
639,20,84772.0,11.0,Mumbai,UG,2.084026059969089,Average,Sales,6
640,62,78762.0,10.0,Bangalore,PG,6.260888019335123,Poor,Sales,7
641,30,70106.0,,Delhi,UG,9.72389631055761,Average,HR,9
642,45,101121.0,12.0,Pune,UG,4.40055292354468,Average,IT,10
643,37,45559.0,17.0,Bangalore,High School,1.5583308726590337,Poor,IT,4
644,45,53742.0,1.0,Bangalore,UG,4.0537474057861065,Poor,Finance,10
645,25,,14.0,Bangalore,UG,5.553384888876026,Good,HR,4
646,58,100199.0,19.0,Chennai,High School,2.4573070596899234,Average,Sales,8
647,56,41754.0,17.0,Bangalore,PG,6.922919962508429,Good,IT,9
648,18,23972.0,14.0,Mumbai,PG,9.979744501091805,Good,Finance,8
649,20,90831.0,18.0,Bangalore,UG,5.065655283832994,Poor,HR,5
650,30,61873.0,11.0,,PG,4.192557010571914,Good,IT,10
651,45,114661.0,12.0,Bangalore,UG,4.6063375015101995,Average,HR,10
652,42,29903.0,10.0,Pune,High School,2.03631560555681,Poor,HR,8
653,50,23020.0,4.0,Pune,High School,8.949462412836013,Average,IT,5
654,55,61755.0,0.0,Chennai,UG,4.733430899692168,Average,IT,4
655,23,105956.0,2.0,Mumbai,High School,4.485469702823572,Poor,IT,9
656,61,106988.0,18.0,Mumbai,High School,6.937212456374269,Average,HR,5
657,62,65648.0,6.0,Delhi,UG,4.978300788380112,Poor,HR,9
658,49,29516.0,11.0,Chennai,,6.8341012192706145,Average,Finance,10
659,62,22396.0,14.0,Bangalore,High School,1.5530166111770876,Poor,Sales,9
660,64,104082.0,4.0,,,8.323510093500047,Good,HR,10
661,38,39129.0,14.0,Delhi,PG,9.464535575914624,Average,Sales,5
662,33,21591.0,7.0,Chennai,UG,6.838888475434474,Poor,IT,10
663,38,31303.0,9.0,Chennai,,9.591093359729296,Average,HR,11
664,28,50561.0,15.0,Delhi,PG,2.3628908293296695,Average,Finance,6
665,54,91719.0,7.0,,High School,5.2967457053231835,Average,Finance,10
666,53,112108.0,0.0,Bangalore,PG,6.416260605509025,Poor,Sales,8
667,52,119616.0,11.0,Delhi,PG,6.23562982679068,Good,IT,5
668,36,106231.0,4.0,Pune,PG,4.613156011801389,Good,Sales,11
669,37,27314.0,2.0,,PG,4.042759684296352,Good,IT,4
670,35,39623.0,0.0,Pune,UG,2.1414162029537693,Poor,Finance,9
671,64,87675.0,3.0,Mumbai,UG,4.5256820550605035,Good,Sales,11
672,58,116826.0,7.0,Bangalore,High School,2.463947335949366,Poor,Finance,7
673,31,85082.0,2.0,Bangalore,High School,7.609291088429965,Average,Finance,11
674,32,103624.0,9.0,,High School,2.87947841945131,Average,IT,5
675,48,53130.0,1.0,Pune,High School,1.5270877475608047,Good,Sales,11
676,18,71756.0,10.0,Mumbai,PG,5.971295240355109,Poor,Sales,11
677,20,117624.0,9.0,Bangalore,UG,6.357067594474614,Average,Finance,8
678,33,46292.0,13.0,Delhi,UG,8.84721755152455,Poor,Finance,10
679,40,106206.0,6.0,Bangalore,High School,6.192834511759137,Poor,IT,9
680,28,89274.0,1.0,Delhi,High School,4.109327683511012,Average,HR,6
681,29,22469.0,8.0,Mumbai,PG,8.227106933736884,Poor,HR,4
682,27,73947.0,15.0,Bangalore,PG,5.862510038686789,Average,Finance,6
683,49,,12.0,Bangalore,High School,1.7135225616807257,Average,HR,11
684,33,83620.0,8.0,Mumbai,UG,6.09265504281922,Average,HR,7
685,25,68874.0,19.0,Bangalore,UG,9.172166908794962,Poor,HR,5
686,55,69708.0,3.0,Delhi,UG,4.566813629483985,Average,HR,9
687,29,94553.0,9.0,Bangalore,High School,3.666932217098201,Poor,Finance,5
688,41,88344.0,11.0,Pune,UG,2.2912251131621804,Average,HR,8
689,45,69138.0,16.0,Chennai,PG,2.363009697418216,Average,HR,5
690,25,74302.0,13.0,Delhi,PG,4.89494335907637,Good,IT,4
691,45,67638.0,13.0,Pune,High School,6.361118417453766,Good,Finance,7
692,53,98249.0,1.0,Mumbai,PG,1.7255386465264158,Good,Sales,6
693,43,22719.0,,Delhi,High School,9.456117301226492,Poor,Sales,11
694,25,42890.0,10.0,Chennai,UG,7.7962025570067635,Poor,IT,11
695,45,,15.0,Chennai,UG,6.279615264552964,Average,IT,7
696,45,56509.0,18.0,Mumbai,UG,8.455948038450916,Average,Finance,9
697,54,62534.0,5.0,Mumbai,PG,1.7216808113090196,Average,Sales,5
698,58,112241.0,18.0,Delhi,High School,5.291549899598119,Average,HR,9
699,53,38787.0,4.0,Bangalore,UG,6.67083814175497,Poor,IT,6
700,44,68845.0,3.0,,High School,8.457876155064604,Average,Sales,9
701,34,77932.0,14.0,Bangalore,UG,8.05122604044341,Average,Finance,8
702,26,112124.0,3.0,Pune,PG,3.493623247420597,Good,HR,7
703,50,111659.0,19.0,Chennai,PG,9.467921526032839,Average,Finance,6
704,37,53062.0,9.0,Bangalore,High School,2.119112572877833,Average,IT,6
705,30,95713.0,2.0,Chennai,PG,8.876202567590369,Average,Sales,10
706,45,107263.0,4.0,Bangalore,PG,9.738462246441568,Poor,Sales,6
707,46,115756.0,5.0,Pune,High School,2.5943817090036303,Good,Sales,10
708,30,80461.0,7.0,Mumbai,UG,7.4985945778340675,Average,Sales,4
709,63,95418.0,6.0,Pune,PG,1.3625696690019862,Average,HR,11
710,52,86672.0,,Mumbai,High School,4.648805426252395,Good,HR,10
711,23,54832.0,5.0,Mumbai,PG,5.646549692779066,Average,Finance,7
712,35,51966.0,13.0,Chennai,PG,6.225807033186706,Poor,HR,9
713,22,92545.0,3.0,Pune,PG,9.423435234237036,Average,IT,10
714,64,32987.0,,Bangalore,PG,7.050256185647752,Poor,IT,6
715,42,57311.0,,Pune,High School,5.331501560973133,Poor,Sales,7
716,19,51575.0,16.0,Chennai,High School,8.287075326393005,Average,IT,10
717,27,83852.0,6.0,Mumbai,High School,9.55479538858968,Good,Finance,10
718,47,21007.0,3.0,Chennai,PG,1.1985953381406176,Poor,HR,6
719,62,90981.0,13.0,Delhi,PG,9.842691450304349,Good,HR,8
720,22,96242.0,2.0,Delhi,PG,1.775189251573123,Average,HR,8
721,50,67517.0,4.0,Bangalore,High School,8.329481013418853,Poor,IT,10
722,18,49257.0,15.0,Chennai,PG,3.5230127729627125,Average,HR,8
723,35,107272.0,19.0,Bangalore,UG,2.1896169197848456,Good,Sales,5
724,49,,3.0,Bangalore,PG,4.9587007574245145,Average,Sales,6
725,64,,1.0,Delhi,UG,6.795609215028522,Average,Sales,5
726,28,81246.0,17.0,,PG,4.428566605211275,Poor,IT,7
727,38,21435.0,18.0,Delhi,High School,1.4910886745442906,Average,HR,5
728,43,118875.0,18.0,Mumbai,PG,6.395150256928449,Average,IT,7
729,42,111357.0,16.0,Chennai,UG,9.121629484996072,Average,HR,10
730,39,,13.0,Bangalore,UG,4.4489382935252655,Poor,Finance,7
731,44,25084.0,18.0,Delhi,PG,2.946994998677443,Good,Finance,7
732,30,102197.0,12.0,Pune,UG,4.983196113395339,Good,IT,9
733,50,33507.0,11.0,Bangalore,UG,1.4352643994390277,Average,Sales,5
734,51,92595.0,5.0,Mumbai,High School,8.384388260322474,Poor,IT,9
735,58,103807.0,3.0,Mumbai,PG,8.437067298551682,Average,Sales,10
736,52,65539.0,18.0,Pune,PG,6.292004170866655,Good,HR,6
737,18,27491.0,15.0,Delhi,PG,4.177926000445505,Poor,Sales,5
738,38,70192.0,12.0,Bangalore,UG,8.198050280012051,Good,Sales,6
739,23,100395.0,,Delhi,PG,5.992183223095305,Good,HR,6
740,45,83888.0,16.0,Mumbai,PG,8.433390776950146,Poor,Finance,7
741,34,93609.0,0.0,Delhi,High School,6.683129133247186,Poor,HR,11
742,22,29077.0,17.0,Mumbai,High School,8.059649258915176,Average,IT,5
743,48,40953.0,19.0,Delhi,High School,6.38706693895984,Average,IT,6
744,22,96919.0,16.0,Pune,,4.7272696139409955,Good,IT,11
745,55,87889.0,14.0,Chennai,PG,9.621512739335238,Poor,IT,8
746,20,43821.0,10.0,Pune,High School,5.870024423909602,Poor,IT,6
747,40,57567.0,12.0,Pune,High School,6.445805666864845,Average,Finance,8
748,54,44860.0,0.0,Chennai,High School,2.984388754732743,Good,Finance,5
749,54,41195.0,16.0,Chennai,PG,6.6308571048454885,Good,Sales,10
750,27,97475.0,5.0,Bangalore,PG,6.144468845346495,Average,IT,9
751,27,110874.0,3.0,Bangalore,PG,2.6635455815232243,Poor,HR,5
752,36,107266.0,19.0,Pune,UG,1.5362838761782935,Average,IT,9
753,34,41427.0,15.0,,UG,6.439233877432939,Average,Finance,9
754,38,47083.0,14.0,Mumbai,High School,7.873230424152885,Average,IT,5
755,31,107046.0,14.0,Mumbai,PG,5.710612338298074,Average,Finance,6
756,26,,5.0,Bangalore,High School,3.0409536278768114,Poor,Sales,4
757,63,64064.0,14.0,Bangalore,PG,6.998697790237315,Average,Sales,6
758,18,27813.0,13.0,Mumbai,PG,1.7209515394864203,Poor,Sales,6
759,62,51598.0,10.0,Mumbai,PG,4.976503343217591,Average,Finance,10
760,30,113106.0,6.0,Delhi,UG,2.470300825585782,Good,IT,7
761,21,47082.0,8.0,Delhi,UG,2.6601314595389502,Poor,IT,7
762,18,49241.0,15.0,Mumbai,PG,2.820645542423833,Good,HR,6
763,57,116214.0,4.0,Delhi,High School,4.480363513395801,Average,Finance,8
764,49,64569.0,19.0,Chennai,PG,1.4603518505835786,Average,HR,10
765,51,31745.0,9.0,Bangalore,PG,4.580140968361883,Average,Sales,9
766,45,46029.0,17.0,Bangalore,High School,5.605367024032308,Poor,IT,11
767,48,33025.0,2.0,Mumbai,PG,5.349648564696927,Good,Finance,7
768,25,34288.0,12.0,Pune,High School,4.445056903627365,Poor,HR,6
769,56,109186.0,,Mumbai,UG,8.552319472636771,Poor,HR,10
770,43,26540.0,,Delhi,,2.3079402317845368,Average,HR,4
771,51,117768.0,12.0,Pune,High School,5.5512706940323655,Good,IT,8
772,20,101958.0,5.0,Delhi,UG,1.5583727526089888,Average,IT,5
773,29,88878.0,16.0,Chennai,UG,1.6404011099011877,Poor,IT,6
774,18,61846.0,12.0,Delhi,High School,6.164792647093867,Average,Finance,10
775,61,95932.0,18.0,Chennai,UG,6.094165823990388,Good,IT,6
776,22,37482.0,18.0,Chennai,PG,8.902301615600113,Average,Finance,11
777,47,43411.0,9.0,Delhi,PG,6.020863080940659,Good,HR,9
778,47,70975.0,2.0,Delhi,High School,9.638119183643651,Good,HR,8
779,34,80545.0,13.0,Chennai,UG,1.4382536355993678,Average,Sales,7
780,64,98797.0,18.0,Pune,PG,1.8820691630266695,Poor,IT,7
781,40,72307.0,4.0,Chennai,PG,1.3965927541334326,Average,HR,7
782,32,23093.0,4.0,Bangalore,UG,2.66749165300186,Poor,IT,11
783,54,97258.0,19.0,Chennai,UG,5.871430998475103,Poor,Finance,5
784,38,42042.0,16.0,Pune,PG,6.810149632846852,Average,HR,10
785,31,72930.0,,Bangalore,PG,1.4102664215380192,Poor,IT,8
786,19,64413.0,4.0,Mumbai,High School,9.513738008610394,Poor,HR,8
787,28,113623.0,3.0,Mumbai,High School,8.579488389853429,Average,HR,7
788,56,117883.0,,Pune,PG,3.669512339413838,Average,IT,7
789,55,53756.0,3.0,Chennai,High School,1.6946877720382116,Average,HR,9
790,51,73268.0,6.0,Delhi,PG,2.5289836589715153,Poor,HR,11
791,55,59214.0,6.0,Pune,PG,2.142499723794754,Good,HR,4
792,51,,17.0,Bangalore,High School,2.1095540136905218,Poor,HR,4
793,35,48602.0,2.0,Bangalore,High School,5.667055197991606,Good,Finance,6
794,47,73331.0,0.0,Mumbai,UG,3.212626982440603,Average,HR,6
795,32,68901.0,3.0,Bangalore,UG,4.2232574487623005,Good,Sales,8
796,44,119986.0,5.0,Pune,UG,9.905548000458902,Average,HR,8
797,51,83416.0,8.0,Bangalore,PG,7.158828240328103,Average,IT,5
798,55,52196.0,13.0,Pune,High School,9.540826003423012,Good,Sales,5
799,50,25626.0,11.0,Delhi,PG,2.28300899529804,Average,Finance,4
800,41,27424.0,19.0,Mumbai,High School,4.439255273493123,Good,Sales,11
801,32,32857.0,,Bangalore,PG,5.992586229541189,Average,Sales,6
802,47,39982.0,11.0,Pune,UG,1.6908225569986421,Poor,Sales,4
803,59,96961.0,9.0,Chennai,UG,1.0376869926516208,Poor,IT,11
804,34,21980.0,6.0,Mumbai,UG,7.033909004172258,Average,IT,4
805,22,68290.0,2.0,Delhi,,6.776375651212918,Average,IT,6
806,46,,,Pune,High School,4.697099289996506,Good,Finance,10
807,21,104976.0,9.0,Delhi,High School,5.4067966842882935,Poor,IT,5
808,27,102711.0,15.0,Delhi,,4.738987005328807,Good,IT,9
809,34,46385.0,15.0,Bangalore,UG,1.2160454036039998,Average,Sales,9
810,27,58158.0,9.0,Bangalore,UG,4.018344455957162,Average,IT,9
811,34,43019.0,12.0,Pune,,2.5937402985756086,Good,HR,6
812,37,38639.0,5.0,Chennai,High School,1.8858177019123188,Average,IT,7
813,41,105530.0,11.0,Pune,PG,9.610483905004148,Poor,Finance,7
814,22,119911.0,8.0,Chennai,PG,6.3942375253794905,Good,Finance,7
815,51,41563.0,12.0,,PG,7.5579065581294245,Poor,HR,8
816,23,59341.0,3.0,Mumbai,PG,3.8382736893950575,Poor,Finance,5
817,19,25776.0,,Pune,UG,4.538324165446137,Poor,Finance,5
818,30,56444.0,19.0,Pune,UG,3.1323159450705114,Good,Sales,10
819,60,88916.0,17.0,Chennai,UG,1.8726910386888227,Average,HR,10
820,60,28711.0,10.0,Delhi,PG,2.611284736974254,Poor,Sales,8
821,28,94318.0,3.0,Delhi,UG,8.177626407668374,Poor,Sales,4
822,64,102970.0,17.0,Chennai,UG,7.097912246653983,Poor,IT,11
823,40,105553.0,0.0,Delhi,High School,5.922359883869293,Average,HR,10
824,33,50707.0,6.0,Bangalore,High School,5.275808855800912,Average,IT,9
825,48,59110.0,5.0,Mumbai,UG,9.30190855290512,Good,IT,7
826,28,81788.0,14.0,Pune,High School,1.6546145300080157,Average,Sales,9
827,33,102879.0,17.0,Mumbai,High School,3.5254073191412436,Good,Finance,7
828,25,58827.0,10.0,Pune,UG,4.149440682136427,Good,HR,9
829,21,25655.0,19.0,Bangalore,UG,8.04183230991509,Good,Finance,4
830,57,,14.0,Delhi,UG,9.932631581457741,Good,Sales,11
831,21,73625.0,15.0,Chennai,UG,3.1660346328143776,Good,Sales,9
832,42,72098.0,6.0,Bangalore,,8.868766007233726,Poor,Sales,9
833,20,35251.0,,Mumbai,PG,8.47560484388612,Average,Sales,6
834,49,20526.0,11.0,Chennai,UG,3.0219165787758997,Poor,Sales,11
835,20,88760.0,13.0,Delhi,High School,4.593993221793003,Good,Sales,9
836,44,67837.0,4.0,Bangalore,,4.687055823632672,Average,Finance,6
837,46,,17.0,Chennai,UG,9.803986016739024,Poor,IT,5
838,49,48541.0,4.0,Bangalore,High School,2.628027112410085,Poor,Finance,11
839,36,99083.0,2.0,Bangalore,PG,8.192421739943038,Good,HR,8
840,38,71027.0,4.0,Delhi,UG,4.007734427557989,Poor,Finance,11
841,22,54531.0,16.0,Pune,UG,7.577833111985443,Poor,Sales,11
842,35,28712.0,18.0,Chennai,PG,4.780099038660966,Poor,Finance,9
843,45,85455.0,18.0,Delhi,PG,6.20523786804886,Poor,IT,5
844,59,,11.0,,High School,8.493505959935181,Poor,HR,11
845,39,25109.0,8.0,Delhi,PG,8.237490084854958,Good,Finance,10
846,38,69268.0,0.0,Pune,PG,8.797808651857302,Good,IT,10
847,23,74615.0,,Chennai,PG,1.5365559281019312,Poor,Finance,6
848,18,102503.0,3.0,Pune,High School,7.228454977357703,Good,HR,9
849,22,49759.0,9.0,Mumbai,PG,2.2598863904958657,Good,Finance,9
850,58,105708.0,6.0,Chennai,PG,4.742367112165699,Average,Sales,11
851,29,80112.0,0.0,Pune,,5.937295735492196,Poor,Finance,4
852,43,46589.0,16.0,,PG,4.624655362721477,Good,IT,5
853,63,50015.0,1.0,Chennai,PG,5.6765050822270675,Good,Finance,7
854,51,49009.0,10.0,Chennai,High School,9.968736779187573,Poor,IT,7
855,31,103309.0,8.0,Delhi,UG,2.2169558234156925,Average,HR,4
856,43,82046.0,6.0,Bangalore,High School,7.07910440802783,Poor,Finance,6
857,62,46143.0,16.0,Mumbai,PG,4.564008697470537,Average,HR,7
858,44,26154.0,16.0,Pune,PG,2.197088190165959,Poor,HR,11
859,26,41804.0,1.0,Delhi,PG,2.428630870368786,Poor,Finance,7
860,43,61688.0,5.0,Pune,High School,9.543457956210553,Poor,IT,10
861,64,84288.0,13.0,Mumbai,PG,8.916413470405859,Poor,HR,10
862,39,71195.0,5.0,Mumbai,PG,9.163377643735197,Average,HR,8
863,64,40581.0,1.0,Chennai,High School,9.923794982446479,Average,Finance,5
864,47,72648.0,0.0,Mumbai,UG,2.8748385100766614,Good,Finance,6
865,60,50087.0,9.0,Pune,,4.198954036276556,Poor,Finance,9
866,34,69930.0,4.0,Bangalore,PG,7.022971269323801,Average,Finance,5
867,43,52981.0,1.0,Bangalore,High School,5.354222858745826,Average,Finance,6
868,53,89298.0,15.0,Chennai,PG,4.765505800405002,Average,Sales,7
869,18,66167.0,1.0,Pune,High School,4.220301244020337,Poor,Finance,8
870,25,95304.0,9.0,Pune,High School,6.34402568749107,Good,IT,5
871,52,63408.0,1.0,Mumbai,UG,6.180340857760738,Average,HR,7
872,32,59499.0,15.0,Pune,,2.453120506578161,Poor,IT,6
873,64,72269.0,15.0,,High School,5.2456585376659515,Average,IT,5
874,39,58559.0,18.0,Mumbai,PG,5.981245985888649,Average,Sales,9
875,31,94319.0,6.0,Delhi,UG,6.1325824485825144,Good,Finance,5
876,43,115317.0,11.0,Chennai,PG,2.890964736211166,Average,HR,7
877,45,116347.0,14.0,Bangalore,UG,7.6804425302705805,Average,IT,11
878,40,68787.0,7.0,Chennai,UG,1.2267918533896267,Poor,Finance,11
879,31,55488.0,5.0,Bangalore,PG,4.193486699888464,Poor,Finance,5
880,41,94441.0,9.0,Chennai,UG,8.021913836820701,Good,Sales,9
881,19,94663.0,2.0,Pune,UG,6.075036289498621,Poor,Sales,8
882,62,42431.0,18.0,Delhi,PG,3.350461892597742,Poor,Sales,8
883,43,81681.0,16.0,Bangalore,UG,7.254578074087429,Good,HR,11
884,31,83483.0,6.0,Mumbai,UG,6.106518497404661,Average,IT,7
885,24,69153.0,19.0,Delhi,UG,8.166192485107484,Good,Sales,6
886,20,26368.0,3.0,Mumbai,PG,7.61522667570841,Poor,Sales,7
887,64,47424.0,13.0,Delhi,High School,6.490971298326112,Good,Sales,8
888,40,65004.0,19.0,Delhi,PG,5.393599077797326,Average,IT,4
889,63,103869.0,14.0,Chennai,High School,2.1986391310077105,Good,IT,4
890,60,108652.0,7.0,Bangalore,UG,3.351997160968454,Poor,Sales,5
891,64,76985.0,14.0,Bangalore,High School,4.771895256253767,Poor,Sales,9
892,62,70069.0,19.0,Delhi,,6.393693583057498,Good,Finance,11
893,35,,13.0,Pune,PG,5.6233706969377435,Average,Sales,10
894,55,101061.0,8.0,Pune,UG,3.5936607336357653,Good,HR,10
895,52,43398.0,7.0,Mumbai,High School,1.058179220107395,Average,HR,10
896,32,118393.0,16.0,Mumbai,UG,5.466152997107326,Average,Sales,5
897,42,70861.0,1.0,Chennai,UG,3.570633897060188,Good,IT,4
898,54,95897.0,2.0,Delhi,PG,7.611474706394816,Average,Finance,8
899,45,101905.0,,Mumbai,High School,1.2155163874343513,Poor,IT,5
900,27,88577.0,11.0,Mumbai,High School,6.263450301752118,Good,Sales,10
901,56,85641.0,0.0,Delhi,High School,9.473268137554589,Average,HR,10
902,34,29078.0,9.0,,High School,2.5696834040034955,Poor,Finance,11
903,56,45003.0,19.0,Mumbai,UG,5.244845416755358,Good,IT,7
904,39,,2.0,Chennai,UG,1.8227979263542435,Poor,IT,10
905,43,71047.0,,Bangalore,PG,6.631137210352174,Poor,Sales,9
906,61,91626.0,6.0,Chennai,UG,5.954785125366031,Poor,Finance,10
907,42,77660.0,19.0,Pune,UG,4.666289717915491,Average,HR,7
908,34,69786.0,17.0,Pune,PG,5.692393193263671,Good,Sales,10
909,30,21925.0,10.0,Chennai,PG,9.069171926221092,Good,Finance,9
910,37,103976.0,18.0,Pune,PG,2.766648720799603,Average,IT,8
911,42,46015.0,4.0,Bangalore,UG,1.203080605348125,Good,Sales,5
912,21,53320.0,18.0,Delhi,UG,8.75498396229191,Poor,IT,9
913,27,84881.0,10.0,Pune,PG,6.1940537414911585,Good,IT,7
914,20,110827.0,11.0,Pune,PG,9.015926099156582,Average,Sales,5
915,58,46289.0,9.0,Chennai,PG,6.372507010718553,Poor,Sales,5
916,62,23389.0,7.0,Bangalore,UG,8.291449809637323,Average,Sales,7
917,35,45683.0,8.0,Delhi,UG,4.8670602701963315,Poor,Sales,11
918,64,33629.0,3.0,Chennai,High School,7.748739381594419,Poor,Sales,4
919,53,81550.0,4.0,Chennai,UG,9.217373202008703,Good,IT,10
920,64,44826.0,7.0,Bangalore,UG,6.1491066734998565,Poor,HR,9
921,39,,8.0,Delhi,UG,2.627066355061416,Average,HR,7
922,51,118762.0,14.0,Bangalore,PG,3.4191785352717834,Good,Sales,8
923,64,66163.0,14.0,Delhi,UG,2.787801192076652,Average,IT,6
924,25,118511.0,15.0,Bangalore,PG,3.2217132483615964,Poor,HR,7
925,57,86435.0,13.0,Chennai,High School,3.7577390441593272,Average,HR,10
926,61,31653.0,7.0,,High School,5.996204080778696,Average,HR,10
927,36,47961.0,17.0,Mumbai,PG,6.291924665174495,Poor,IT,5
928,59,101941.0,9.0,Pune,PG,4.83849772517675,Good,Sales,5
929,58,94137.0,19.0,Bangalore,PG,6.538787018387519,Average,Sales,7
930,54,53662.0,5.0,Mumbai,UG,1.7341743305022934,Poor,Sales,6
931,23,118818.0,11.0,Pune,,1.7900941335234397,Good,Finance,11
932,43,76446.0,1.0,Bangalore,PG,2.546465143218926,Good,Finance,7
933,51,41288.0,6.0,Delhi,UG,5.662697482363103,Good,Finance,6
934,62,115081.0,15.0,Pune,High School,2.925952108284822,Average,IT,11
935,23,56877.0,2.0,,UG,3.549559631433196,Average,HR,6
936,54,35313.0,,Mumbai,High School,4.602815525556947,Average,HR,10
937,50,100885.0,2.0,Pune,UG,8.306795116093419,Good,IT,10
938,39,92715.0,17.0,Pune,High School,1.124759223215741,Average,IT,10
939,38,30326.0,10.0,Chennai,High School,6.8444093821296015,Poor,Sales,8
940,23,21560.0,7.0,Bangalore,UG,7.019888779366168,Average,Sales,10
941,23,99148.0,5.0,Delhi,PG,8.187902023209729,Average,Finance,9
942,21,103186.0,0.0,Chennai,High School,9.39477645154282,Good,Finance,5
943,47,46745.0,0.0,Delhi,PG,1.1812406405436084,Average,IT,5
944,28,51890.0,7.0,Bangalore,UG,2.3840533496189455,Poor,Finance,6
945,47,40022.0,4.0,Pune,PG,8.975541646503938,Good,HR,5
946,48,72579.0,15.0,Delhi,,5.126667059683138,Poor,IT,4
947,41,90316.0,10.0,Mumbai,PG,6.0813157504011714,Good,IT,11
948,26,103847.0,4.0,,PG,6.967244833508326,Good,HR,6
949,20,48380.0,3.0,Chennai,PG,7.111599440460736,Average,Sales,5
950,48,22356.0,5.0,,High School,9.385663629848574,Poor,Sales,4
951,57,90326.0,13.0,Chennai,High School,9.972544756705027,Good,HR,11
952,54,112447.0,18.0,Chennai,High School,7.481417148378462,Average,HR,8
953,53,109899.0,8.0,Chennai,UG,3.5849908828463573,Good,Finance,5
954,41,40049.0,11.0,Mumbai,PG,8.917771620649091,Good,IT,4
955,48,95717.0,10.0,Mumbai,High School,1.4429882308668545,Good,Finance,7
956,23,36082.0,13.0,Chennai,UG,3.079727675870466,Good,HR,9
957,19,20661.0,15.0,Mumbai,High School,9.076471457173433,Good,Finance,7
958,37,57412.0,0.0,Bangalore,High School,3.3057236299541946,Good,HR,4
959,45,22920.0,12.0,Chennai,PG,2.9858595365957363,Average,Finance,6
960,28,111194.0,12.0,Mumbai,UG,2.243127638262225,Good,Finance,10
961,21,,,Delhi,PG,8.732005818822248,Poor,Sales,10
962,32,99561.0,3.0,,PG,5.50052433271978,Average,HR,10
963,23,28946.0,5.0,Chennai,,7.074038827487393,Poor,Finance,11
964,47,114242.0,4.0,Bangalore,,3.151597456675267,Good,IT,6
965,55,65500.0,2.0,Pune,UG,7.822363789100948,Poor,Finance,11
966,19,36309.0,0.0,Pune,PG,7.840049904658886,Good,Finance,5
967,32,75230.0,3.0,Bangalore,PG,3.8133822241747013,Good,IT,10
968,28,118656.0,19.0,Bangalore,,4.696143697092546,Average,HR,7
969,25,50027.0,1.0,Bangalore,High School,2.8872124968718076,Average,Sales,6
970,43,92541.0,4.0,Pune,UG,9.789049209906139,Good,Sales,6
971,62,79321.0,2.0,Bangalore,High School,6.810423193525705,Average,Sales,10
972,61,20956.0,8.0,Mumbai,High School,9.41089492643964,Poor,IT,7
973,22,94131.0,19.0,Chennai,High School,3.7304698926621986,Average,Finance,8
974,23,67908.0,5.0,Chennai,High School,8.037018216972008,Average,HR,6
975,43,98339.0,17.0,Delhi,High School,7.892727794962678,Poor,Finance,10
976,21,45963.0,5.0,Delhi,UG,7.224900866798874,Average,Sales,9
977,36,59443.0,18.0,Chennai,PG,9.690750777401204,Good,Finance,4
978,37,119259.0,11.0,Mumbai,High School,4.54199802495684,Poor,IT,11
979,50,59063.0,10.0,Pune,High School,2.1764559123078158,Good,IT,5
980,37,100818.0,1.0,Pune,UG,7.045379733196547,Poor,HR,6
981,29,24703.0,14.0,Mumbai,UG,7.563788204294855,Good,HR,9
982,64,85128.0,11.0,Pune,PG,6.175545161129332,Good,Sales,9
983,18,92099.0,11.0,Bangalore,UG,2.8613610382005663,Average,HR,6
984,43,45849.0,,Chennai,PG,5.540103475024198,Good,Finance,8
985,31,51860.0,1.0,Chennai,High School,3.8097076291221645,Average,IT,4
986,55,51585.0,2.0,Mumbai,High School,4.8471987535002015,Poor,IT,5
987,54,,11.0,Pune,PG,6.8069671826019755,Good,IT,6
988,28,97539.0,,Delhi,UG,7.706932684217511,Good,HR,11
989,53,63585.0,0.0,Delhi,PG,3.090022218112088,Poor,IT,5
990,30,46958.0,2.0,Pune,UG,4.64792824582258,Poor,IT,7
991,60,46017.0,19.0,Delhi,High School,3.4224541389246625,Good,IT,9
992,20,96707.0,1.0,Mumbai,UG,2.787684524756822,Poor,Sales,9
993,50,65350.0,8.0,Mumbai,,8.050484979962546,Average,Sales,6
994,23,32201.0,18.0,Pune,PG,9.183274249932932,Poor,HR,6
995,27,49426.0,14.0,,High School,4.3320896711611905,Poor,IT,11
996,22,37778.0,17.0,,UG,7.761510319363902,Good,HR,7
997,40,65241.0,10.0,Mumbai,,9.0729576042797,Average,IT,8
998,27,62229.0,15.0,Bangalore,UG,8.615117894772084,Poor,IT,6
999,61,,16.0,Bangalore,High School,2.6453204968530333,Average,IT,9
1000,19,68364.0,4.0,Mumbai,UG,9.606626933620252,Average,HR,5
812,37,38639.0,5.0,Chennai,High School,1.8858177019123188,Average,IT,7
338,63,,11.0,Bangalore,UG,6.95546814379561,Average,IT,10
782,32,23093.0,4.0,Bangalore,UG,2.66749165300186,Poor,IT,11
203,20,90480.0,10.0,Delhi,High School,5.121360949906251,Poor,Sales,7
503,54,22983.0,14.0,Mumbai,High School,5.502506816869843,Average,Sales,10
645,25,,14.0,Bangalore,UG,5.553384888876026,Good,HR,4
80,57,25408.0,16.0,Mumbai,High School,1.595486699509964,Poor,Finance,10
63,19,38381.0,14.0,Mumbai,UG,1.446529360049537,Poor,HR,7
222,28,113501.0,14.0,Mumbai,High School,4.428921463015599,Poor,HR,5
657,62,65648.0,6.0,Delhi,UG,4.978300788380112,Poor,HR,9
787,28,113623.0,3.0,Mumbai,High School,8.579488389853429,Average,HR,7
98,41,52265.0,19.0,Bangalore,High School,7.6516027834543525,Average,Finance,8
865,60,50087.0,9.0,Pune,,4.198954036276556,Poor,Finance,9
722,18,49257.0,15.0,Chennai,PG,3.5230127729627125,Average,HR,8
103,28,49486.0,17.0,Chennai,PG,7.4444497591793,Good,Sales,7
902,34,29078.0,9.0,,High School,2.5696834040034955,Poor,Finance,11
1,56,25287.0,17.0,Bangalore,PG,9.729338728106718,Good,HR,9
852,43,46589.0,16.0,,PG,4.624655362721477,Good,IT,5
742,22,29077.0,17.0,Mumbai,High School,8.059649258915176,Average,IT,5
634,44,45931.0,7.0,Bangalore,High School,7.806284122801909,Average,HR,4
