id,age,salary,gender,city,experience_years,department,score,is_active,joining_year
1.0,56.0,25408.0,Female,Bangalore,2.0,Finance,65.0833221561485,True,2009.0
2.0,69.0,79379.0,Male,Chennai,18.0,Finance,61.50646298578113,False,2002.0
3.0,46.0,45053.0,Male,Pune,2.0,Marketing,17.56720999559107,True,2022.0
4.0,32.0,29446.0,,Delhi,13.0,Support,51.318989170982974,True,2016.0
5.0,60.0,20922.0,Male,Bangalore,7.0,IT,71.53810171786552,False,2007.0
6.0,25.0,118723.0,Female,Pune,3.0,HR,97.32608830304918,False,2022.0
7.0,38.0,71356.0,Other,Chennai,19.0,IT,20.140630921335223,True,2003.0
8.0,56.0,30789.0,Male,Mumbai,10.0,Marketing,0.9543353067226645,False,2013.0
9.0,36.0,117720.0,Female,Chennai,10.0,Finance,7.530143359846974,False,2020.0
10.0,40.0,86656.0,Other,Delhi,10.0,HR,37.58524651819792,True,2009.0
11.0,28.0,64028.0,Other,,1.0,Marketing,82.05446477459871,,2000.0
12.0,28.0,84484.0,Female,Bangalore,16.0,Marketing,,False,2003.0
13.0,41.0,52154.0,Male,Delhi,8.0,Marketing,45.67305928858403,True,2000.0
14.0,53.0,102870.0,,Pune,1.0,HR,32.92306153413945,False,2016.0
15.0,57.0,22336.0,Other,Pune,14.0,HR,5.248171009972758,,2016.0
16.0,41.0,87779.0,Female,Bangalore,15.0,Support,45.023628667261725,True,2006.0
,20.0,39029.0,Male,Bangalore,3.0,Support,25.474870733671885,True,2022.0
18.0,,79201.0,Other,Mumbai,7.0,IT,35.18848343470064,False,2019.0
19.0,,52265.0,Female,Pune,8.0,HR,70.5615304784293,False,2014.0
,41.0,63872.0,Male,,4.0,,52.15509839109671,False,2012.0
21.0,61.0,66197.0,Other,Pune,15.0,HR,12.464742899281333,False,2001.0
22.0,47.0,75180.0,Male,Mumbai,12.0,Support,96.1414540423639,True,2018.0
23.0,55.0,43710.0,Other,Bangalore,6.0,Marketing,63.59107657097384,False,2023.0
24.0,19.0,49486.0,Female,Bangalore,19.0,Finance,76.58684256625315,True,2012.0
25.0,38.0,91907.0,,Mumbai,16.0,Support,7.921315000837081,True,2023.0
26.0,50.0,91895.0,Other,Delhi,2.0,HR,,False,2010.0
27.0,29.0,84435.0,Male,Bangalore,4.0,Support,1.9448050368081171,True,2021.0
28.0,,60631.0,Male,Chennai,18.0,IT,18.879402777344445,True,2014.0
29.0,61.0,40103.0,Female,Bangalore,11.0,HR,41.44083977184951,False,2009.0
30.0,42.0,84772.0,Male,Chennai,6.0,,93.58261334028228,True,2008.0
31.0,66.0,34382.0,Other,Mumbai,8.0,HR,45.70596592657763,True,2008.0
32.0,44.0,104291.0,Other,Mumbai,5.0,Support,29.02551053725294,False,2019.0
33.0,59.0,23756.0,Other,Bangalore,16.0,Marketing,56.193525351966336,False,2000.0
34.0,45.0,40609.0,Other,Pune,15.0,Finance,11.193457813478924,False,2016.0
35.0,33.0,36478.0,,Chennai,,IT,60.95058910049832,False,2011.0
36.0,32.0,59666.0,Male,Delhi,3.0,Support,,False,2009.0
37.0,64.0,95683.0,Female,Bangalore,9.0,Marketing,79.19930334057096,False,2004.0
38.0,68.0,119097.0,Male,Delhi,4.0,Support,98.6687611617024,False,2017.0
39.0,61.0,91315.0,Male,Bangalore,9.0,IT,25.08734717161105,True,2014.0
40.0,69.0,97834.0,,Pune,11.0,Finance,50.96564508037606,,2005.0
41.0,,34153.0,Female,,9.0,Support,90.88654063190036,False,2006.0
42.0,54.0,96325.0,Male,Pune,12.0,HR,,True,2016.0
43.0,68.0,32999.0,Female,Pune,10.0,Marketing,48.74063031008076,True,2005.0
44.0,24.0,75318.0,Other,,15.0,Support,94.53716496147779,False,2007.0
45.0,38.0,20814.0,Other,Mumbai,7.0,Marketing,5.723669351680938,True,2011.0
46.0,26.0,96077.0,Male,Chennai,7.0,HR,93.0998619712584,False,2020.0
47.0,56.0,110474.0,Female,Delhi,7.0,Finance,5.050739238280655,True,2013.0
48.0,35.0,22443.0,Other,Bangalore,12.0,Finance,54.730474411468435,False,2011.0
49.0,21.0,95993.0,Female,Bangalore,1.0,HR,89.04409480010858,True,2022.0
,42.0,95916.0,Female,Mumbai,11.0,Marketing,26.27209435613028,True,2009.0
51.0,31.0,93319.0,Male,Bangalore,9.0,Support,47.224849894515856,True,2021.0
52.0,67.0,37368.0,Other,Mumbai,11.0,HR,32.43288791369666,False,2019.0
53.0,26.0,35328.0,Male,Chennai,10.0,IT,,True,2014.0
54.0,43.0,76942.0,Male,Delhi,14.0,Marketing,,True,2006.0
55.0,19.0,111751.0,Other,Chennai,15.0,Finance,70.90015113263796,False,2008.0
56.0,37.0,119131.0,Other,Pune,16.0,HR,58.76269866151087,False,
57.0,45.0,47306.0,Female,Pune,1.0,Finance,,True,2009.0
58.0,64.0,105451.0,Other,Pune,17.0,Marketing,39.226704152354706,True,2015.0
59.0,24.0,59915.0,Female,Chennai,11.0,Finance,44.75518551060619,True,2006.0
60.0,61.0,57219.0,Female,,18.0,HR,73.00017210808615,True,2004.0
61.0,25.0,100879.0,Female,Delhi,17.0,Marketing,35.77547632937142,False,2022.0
62.0,64.0,84644.0,Other,Pune,16.0,IT,6.390094204837382,True,2002.0
63.0,,80279.0,Male,Pune,5.0,HR,7.433460888607146,True,
64.0,,73028.0,Female,Pune,14.0,Support,11.536280130570386,False,2010.0
65.0,34.0,20126.0,Male,Delhi,2.0,HR,86.96813233436627,True,2014.0
66.0,53.0,72329.0,Male,Pune,5.0,Marketing,47.22264257562043,True,2020.0
67.0,67.0,47632.0,Other,Delhi,2.0,HR,71.28823693447364,True,2019.0
68.0,57.0,85310.0,Male,Pune,,,39.29093356048933,False,2004.0
69.0,21.0,75176.0,Male,Chennai,12.0,IT,25.87109474156345,False,2023.0
,19.0,,Other,Chennai,13.0,Support,34.71921675622119,True,2011.0
71.0,23.0,64327.0,Female,Delhi,12.0,Finance,79.41823453171835,True,2003.0
72.0,59.0,88904.0,,Chennai,3.0,Marketing,62.52161250314382,False,2014.0
73.0,21.0,23797.0,Other,Delhi,6.0,Marketing,93.7639779957902,True,2008.0
74.0,,67882.0,Male,Chennai,9.0,Finance,67.97047785768339,True,2006.0
75.0,,33718.0,Male,Chennai,6.0,IT,57.0181631754694,False,2009.0
76.0,,54560.0,Female,Delhi,14.0,,61.01960089858345,False,2022.0
77.0,61.0,96589.0,Male,Bangalore,14.0,HR,94.23714394684146,False,2012.0
78.0,51.0,42116.0,Other,Chennai,3.0,Support,78.8200929866706,True,2007.0
,,56244.0,Male,Pune,5.0,Support,,True,2011.0
80.0,53.0,21645.0,Female,,,Support,53.41396961356972,True,2021.0
81.0,31.0,67523.0,Female,Delhi,4.0,HR,68.83384115465648,True,2023.0
82.0,48.0,39256.0,Other,Bangalore,19.0,Support,74.86984784391551,False,2018.0
83.0,65.0,73173.0,Female,Mumbai,11.0,Finance,21.314211931393668,True,2000.0
84.0,32.0,57430.0,Male,Mumbai,0.0,HR,,True,2015.0
85.0,,59282.0,Female,Chennai,7.0,Finance,95.58431471751638,,2021.0
86.0,31.0,83374.0,Other,Chennai,0.0,HR,23.671530584486977,False,2016.0
87.0,40.0,88244.0,Female,Pune,4.0,Support,88.26154575172458,True,2024.0
88.0,57.0,31694.0,Female,Bangalore,5.0,Finance,9.69787625160954,False,2017.0
89.0,38.0,76264.0,Female,Mumbai,2.0,Finance,5.570683611524519,False,2010.0
90.0,33.0,95060.0,Other,Chennai,14.0,Finance,12.922380010274937,,2017.0
91.0,62.0,117416.0,Female,Bangalore,4.0,HR,5.7741079467036,True,2006.0
92.0,35.0,77545.0,Female,Chennai,13.0,Marketing,84.5012237155776,True,
93.0,64.0,,Male,Chennai,17.0,Support,5.905014445827195,True,2007.0
94.0,41.0,117945.0,,Mumbai,15.0,Finance,27.166419136365548,False,2005.0
95.0,43.0,33224.0,Female,Mumbai,5.0,Marketing,10.375634353585639,False,2006.0
96.0,42.0,60738.0,Other,Chennai,13.0,Support,29.542203631376495,True,2022.0
97.0,62.0,45150.0,Female,Delhi,7.0,Support,9.055946760092048,True,2021.0
98.0,,83731.0,Female,Chennai,6.0,Finance,66.8003250743014,False,2009.0
99.0,46.0,69688.0,Female,Chennai,7.0,Finance,13.332681634257515,True,2010.0
100.0,32.0,,Male,Pune,12.0,HR,85.18459258388879,True,2024.0
101.0,62.0,93509.0,Male,Pune,5.0,Marketing,81.7191050726641,,2012.0
102.0,18.0,28577.0,Male,,17.0,,1.366168547060942,True,2008.0
103.0,42.0,28070.0,Other,Delhi,1.0,Finance,89.57263555151145,False,2006.0
104.0,24.0,28666.0,Other,Delhi,7.0,Support,2.894431674336706,True,2008.0
105.0,26.0,77761.0,Male,Chennai,10.0,Finance,23.96457849575566,False,2012.0
106.0,41.0,56368.0,Other,Pune,0.0,Support,3.238913777599506,True,2002.0
107.0,18.0,26783.0,Female,Delhi,5.0,Support,33.584348703931596,True,2002.0
108.0,61.0,61914.0,Female,Mumbai,15.0,Finance,51.38665257132716,False,2000.0
109.0,25.0,90507.0,Female,Chennai,19.0,IT,79.66448690151381,True,2020.0
110.0,41.0,99026.0,Male,Bangalore,11.0,Marketing,33.79815504698362,False,2019.0
111.0,28.0,87526.0,Other,Chennai,10.0,Support,70.54900246731167,True,2001.0
112.0,68.0,90835.0,Male,Bangalore,9.0,Support,18.750445711898035,True,2024.0
113.0,34.0,65765.0,Other,Pune,2.0,IT,75.05984567441264,True,2002.0
114.0,25.0,39956.0,Female,Bangalore,12.0,HR,23.599660590923754,True,2014.0
115.0,52.0,107895.0,Male,Pune,2.0,IT,14.354475594376792,True,2023.0
116.0,52.0,66240.0,,Mumbai,14.0,IT,18.54088503740543,False,2005.0
117.0,50.0,57148.0,Other,Bangalore,15.0,Support,18.20631288818554,False,2012.0
118.0,22.0,114270.0,Female,Chennai,12.0,Marketing,51.286287937699115,True,2020.0
119.0,59.0,24757.0,Male,Pune,16.0,,84.4797581188146,True,2000.0
120.0,56.0,39097.0,Male,Chennai,2.0,HR,,False,2019.0
121.0,58.0,30395.0,,Delhi,19.0,Finance,70.69563184934226,False,2018.0
122.0,45.0,36241.0,Female,,10.0,IT,65.43464596528577,True,2000.0
123.0,,47696.0,Male,Bangalore,18.0,IT,87.25199518293624,,2020.0
,26.0,90480.0,Female,,10.0,HR,24.414756050690723,False,2021.0
125.0,25.0,66163.0,Female,Chennai,15.0,Marketing,45.010985868502964,True,2001.0
126.0,29.0,39816.0,Female,Mumbai,2.0,IT,92.58273744435174,False,2014.0
127.0,51.0,69840.0,Other,Pune,5.0,IT,65.99934501353172,True,2013.0
128.0,50.0,72853.0,Male,Bangalore,13.0,Marketing,38.87684128615969,False,2018.0
129.0,65.0,,Male,Delhi,17.0,HR,13.141238285526846,False,2010.0
130.0,,116731.0,Female,Mumbai,16.0,IT,26.248500790059104,True,2014.0
131.0,41.0,41566.0,Female,Delhi,3.0,,58.121547748938326,False,2005.0
132.0,54.0,95452.0,Male,Pune,14.0,IT,71.81679475605137,True,2019.0
133.0,52.0,82823.0,Female,Chennai,10.0,Finance,12.442188685189349,True,2008.0
134.0,61.0,40806.0,Male,Chennai,2.0,Support,59.9597260044054,True,2004.0
135.0,57.0,95520.0,Other,Bangalore,2.0,Finance,55.0351278838751,True,2019.0
136.0,39.0,21759.0,Female,Chennai,15.0,IT,51.3955446690708,False,2001.0
137.0,44.0,61949.0,Male,Mumbai,4.0,HR,69.01231176820079,True,2005.0
138.0,52.0,112374.0,Female,Chennai,9.0,Support,83.74495950834618,True,2017.0
139.0,,22482.0,Male,Bangalore,18.0,Finance,32.298968317686835,True,2022.0
140.0,52.0,44442.0,Male,Pune,3.0,Marketing,88.90121901109595,True,2018.0
141.0,54.0,53719.0,Female,Pune,18.0,HR,16.063361261855068,False,
142.0,64.0,78066.0,Other,,10.0,Finance,17.302386975116434,True,2020.0
143.0,31.0,113501.0,Male,Delhi,1.0,Marketing,26.67720636239239,False,2023.0
144.0,20.0,,Male,Pune,9.0,IT,11.953086954707782,False,2005.0
145.0,18.0,22717.0,Male,Chennai,10.0,Marketing,23.031922468287757,False,2013.0
146.0,22.0,79676.0,Other,Bangalore,19.0,Finance,,True,
147.0,43.0,47952.0,Other,Chennai,15.0,Finance,,True,2012.0
148.0,31.0,106444.0,Female,Pune,18.0,IT,,True,2010.0
149.0,56.0,62460.0,Other,Bangalore,,Marketing,74.72975575598568,True,2011.0
150.0,44.0,110397.0,Female,Chennai,13.0,Marketing,4.791386791333374,False,2018.0
151.0,26.0,92847.0,Female,Mumbai,1.0,IT,94.85203275139152,False,2018.0
152.0,32.0,113607.0,Other,Bangalore,4.0,Marketing,71.11600875277662,True,2020.0
153.0,32.0,109106.0,Female,Mumbai,4.0,IT,0.6796548586111784,True,2018.0
154.0,43.0,38449.0,Other,Delhi,,HR,76.3856500200214,True,2023.0
155.0,59.0,53536.0,Female,Bangalore,11.0,Finance,51.40819207661853,True,2012.0
156.0,30.0,,Other,Mumbai,17.0,HR,,True,2013.0
157.0,68.0,58258.0,Other,Pune,,Support,52.249680889058844,True,2023.0
158.0,49.0,68302.0,Female,Pune,16.0,Support,64.10248576353547,True,2017.0
159.0,56.0,48865.0,Male,Delhi,9.0,Support,78.63316553950405,,2011.0
160.0,66.0,26645.0,Female,Bangalore,19.0,IT,40.51080545878567,False,2003.0
161.0,69.0,58000.0,,Bangalore,5.0,Marketing,0.2708149820452088,False,2009.0
162.0,49.0,46737.0,Male,Bangalore,13.0,HR,84.99464959451885,False,2016.0
163.0,21.0,31485.0,,Delhi,10.0,HR,38.08903626246626,True,2003.0
164.0,,58565.0,Female,Bangalore,10.0,HR,49.60427260165831,True,2011.0
165.0,54.0,45522.0,Female,Pune,17.0,HR,0.7766642153968717,True,2012.0
166.0,40.0,85155.0,Male,Mumbai,17.0,Support,49.2092010350098,True,2003.0
167.0,56.0,,Other,Pune,10.0,HR,98.64874015717295,,2009.0
168.0,62.0,72487.0,Female,Pune,11.0,Marketing,27.826766081876965,False,2024.0
,32.0,32342.0,Female,Mumbai,4.0,Support,39.541827024237804,True,2002.0
170.0,60.0,,Female,,8.0,HR,68.71899964686766,False,2014.0
171.0,46.0,68770.0,Female,Delhi,8.0,IT,81.47936675236586,True,2001.0
172.0,53.0,98623.0,Female,Mumbai,9.0,Finance,41.73916240061003,,2024.0
173.0,30.0,119785.0,Other,Pune,18.0,Finance,30.966887040129254,True,2024.0
174.0,49.0,95629.0,Other,Chennai,0.0,Finance,93.7825799985067,False,2016.0
175.0,24.0,72603.0,Female,Pune,6.0,Support,67.71449666716693,True,2005.0
176.0,68.0,101974.0,Male,Delhi,3.0,HR,11.902130449314107,True,2007.0
177.0,39.0,46399.0,Other,Bangalore,0.0,Support,6.892787813464862,,2002.0
178.0,45.0,105382.0,Male,Pune,14.0,Marketing,,True,2024.0
179.0,19.0,101244.0,Other,Bangalore,7.0,IT,22.009006604727244,False,2017.0
180.0,59.0,96534.0,Female,Chennai,11.0,IT,25.39847533762535,True,2021.0
181.0,62.0,75106.0,Other,Pune,17.0,Finance,87.76921788278483,False,2000.0
182.0,23.0,50678.0,Female,Mumbai,14.0,Finance,8.956602431631067,True,2015.0
183.0,45.0,96218.0,Other,Bangalore,16.0,Finance,71.53641152288897,False,2006.0
184.0,45.0,83230.0,Female,Chennai,13.0,HR,27.114225338058805,True,2002.0
185.0,61.0,94055.0,Female,Mumbai,13.0,Marketing,76.03282214041377,True,2022.0
186.0,61.0,76373.0,Female,Mumbai,17.0,Marketing,72.24113844635446,False,2003.0
187.0,37.0,,Female,Mumbai,19.0,Marketing,0.7391901444293025,True,2008.0
188.0,,,Male,Mumbai,17.0,Marketing,50.91354129215991,True,2004.0
189.0,28.0,88836.0,Female,Pune,15.0,Finance,13.931948237804637,False,2018.0
190.0,45.0,92258.0,Male,Pune,0.0,IT,86.62270305786768,,2014.0
191.0,42.0,59986.0,Male,Pune,10.0,,87.15858828624066,False,2007.0
192.0,56.0,44160.0,Female,Chennai,14.0,Marketing,,True,2005.0
,50.0,,Male,Chennai,11.0,Finance,44.43956184510805,False,
194.0,,99111.0,Other,Chennai,7.0,Marketing,30.32829394045271,False,2018.0
195.0,44.0,84929.0,Female,Delhi,19.0,Support,71.6606298960031,False,2023.0
196.0,69.0,93506.0,Male,Chennai,5.0,IT,35.86613630264591,False,2014.0
197.0,30.0,54911.0,Female,Pune,2.0,Support,,True,2006.0
198.0,58.0,107127.0,Female,Pune,12.0,HR,43.22310595045082,True,2009.0
,20.0,51821.0,Female,Delhi,12.0,Finance,9.148751838745872,False,
200.0,56.0,95039.0,,,1.0,HR,74.66032046442038,True,2013.0
201.0,23.0,80535.0,Other,Chennai,4.0,,1.2596401271786961,True,2016.0
202.0,25.0,104458.0,Other,Bangalore,16.0,Support,64.4485061520594,True,2008.0
,44.0,32175.0,Male,Delhi,,Marketing,18.28645267548724,False,2018.0
204.0,26.0,74771.0,Female,Mumbai,1.0,Marketing,23.240404621441314,True,2004.0
205.0,54.0,106925.0,Male,Pune,3.0,Finance,63.56319986400399,True,2022.0
206.0,50.0,86358.0,Male,Mumbai,10.0,Marketing,99.29434657829071,False,2006.0
207.0,68.0,37327.0,Male,Pune,7.0,Support,77.77174890725507,True,2018.0
208.0,59.0,67057.0,Female,Pune,11.0,,22.5839632223392,False,2019.0
209.0,61.0,26150.0,Male,Delhi,7.0,Support,,False,2006.0
210.0,41.0,24425.0,Female,Delhi,10.0,HR,86.62328702676703,,2023.0
211.0,32.0,,Male,Mumbai,19.0,Support,44.41839479215043,True,2001.0
212.0,49.0,22198.0,Other,Pune,7.0,IT,13.705280282815547,True,2024.0
213.0,49.0,80500.0,Male,Mumbai,7.0,IT,86.2211423321938,False,
214.0,41.0,73394.0,Male,Bangalore,16.0,IT,81.60923529142615,False,2015.0
215.0,58.0,40079.0,Other,Mumbai,19.0,Finance,98.39063638971636,False,2012.0
216.0,69.0,56220.0,Female,Chennai,19.0,Finance,90.9743686712684,False,2007.0
217.0,66.0,61874.0,Female,Mumbai,15.0,Finance,85.17903386605417,False,2005.0
218.0,66.0,33859.0,Male,Chennai,13.0,Support,5.257439781100315,False,2005.0
219.0,69.0,70460.0,Other,,10.0,Finance,10.441536949811802,True,2008.0
220.0,29.0,51419.0,Female,Chennai,6.0,HR,56.89831943041228,False,2003.0
221.0,56.0,28705.0,Male,Bangalore,15.0,IT,53.14792462818209,False,2010.0
222.0,19.0,62880.0,Other,Mumbai,12.0,Support,45.79632144895355,False,2004.0
223.0,20.0,43236.0,Female,Mumbai,14.0,IT,39.67893254145842,True,2024.0
224.0,66.0,,Female,,15.0,Finance,43.12104848643289,True,2016.0
225.0,,105514.0,Other,,8.0,Support,56.92979341347952,True,2019.0
226.0,66.0,35358.0,Other,Delhi,2.0,Marketing,0.2076517600081207,True,2006.0
227.0,34.0,119713.0,Other,Mumbai,18.0,HR,26.07087741328522,False,2014.0
228.0,66.0,114914.0,Other,Delhi,19.0,Finance,51.827972068871105,True,2024.0
229.0,19.0,96918.0,,Bangalore,4.0,,72.22160986736462,False,2014.0
230.0,19.0,34596.0,Other,Pune,9.0,HR,17.415669239539632,False,2013.0
231.0,45.0,53572.0,Female,Pune,16.0,HR,54.68811737874329,False,2012.0
232.0,40.0,98757.0,,Pune,14.0,Marketing,71.44596838857818,False,2010.0
233.0,54.0,21279.0,Male,Bangalore,7.0,Finance,44.46276579139047,False,2012.0
234.0,49.0,83197.0,Female,Chennai,14.0,Finance,2.708113367005105,False,2021.0
235.0,50.0,82516.0,Female,Chennai,13.0,IT,44.92681584656367,True,2023.0
236.0,18.0,27083.0,Other,Delhi,,Support,29.64448877441531,True,2008.0
237.0,36.0,37771.0,Female,Chennai,6.0,Support,92.96496077013283,True,2009.0
238.0,19.0,49975.0,Male,Chennai,11.0,IT,12.461338567832737,True,2003.0
239.0,61.0,65648.0,Other,Pune,16.0,Support,65.24759555072322,True,2016.0
240.0,43.0,68285.0,Other,Pune,16.0,HR,5.271976633450115,False,2013.0
241.0,49.0,39063.0,Male,Delhi,9.0,Support,,True,2023.0
242.0,23.0,87642.0,Other,Mumbai,18.0,Support,55.39794872200806,True,2017.0
243.0,49.0,110093.0,Other,Delhi,13.0,IT,29.795493131686545,True,2010.0
244.0,21.0,106143.0,Male,Delhi,10.0,Marketing,45.50756355203844,False,2015.0
245.0,28.0,57599.0,Other,Bangalore,1.0,Support,16.355379453018738,,2000.0
246.0,34.0,71920.0,Male,Bangalore,17.0,Support,30.412384946803616,False,2006.0
247.0,55.0,48529.0,Male,Delhi,6.0,Marketing,62.110632491020304,True,2009.0
248.0,41.0,55954.0,Female,Delhi,,IT,30.18000558611551,,2008.0
249.0,,47856.0,Female,,1.0,Marketing,,True,2024.0
250.0,69.0,22573.0,Other,Chennai,19.0,IT,62.840695764098975,True,2002.0
251.0,51.0,98344.0,Other,,17.0,HR,43.864901843598446,True,2021.0
252.0,23.0,55367.0,Male,Delhi,,IT,3.875693555418247,False,2022.0
253.0,39.0,119608.0,Other,Pune,9.0,HR,49.954833520467126,True,2013.0
254.0,28.0,80774.0,Male,Pune,19.0,HR,76.47762421250891,False,2024.0
255.0,65.0,43752.0,Male,Chennai,14.0,IT,26.555759801241365,True,2014.0
256.0,33.0,75029.0,Other,Chennai,4.0,,80.67735696487674,False,2001.0
257.0,50.0,37685.0,Male,Mumbai,19.0,IT,25.18067660508815,False,2023.0
258.0,26.0,71693.0,Female,Mumbai,2.0,Support,82.37463879508005,False,2013.0
259.0,23.0,,Other,Mumbai,4.0,Support,8.52683416116774,False,2015.0
260.0,33.0,96908.0,Female,Chennai,7.0,Finance,86.61837088690295,True,
,46.0,94532.0,Other,Chennai,7.0,HR,49.91864509333305,True,2003.0
262.0,,101994.0,Male,Chennai,7.0,Finance,29.6537589620262,True,2017.0
263.0,37.0,76133.0,Other,Pune,11.0,Support,26.511325041514876,False,2023.0
264.0,53.0,117425.0,Female,Chennai,7.0,Finance,43.20105589303627,True,2004.0
265.0,36.0,81268.0,Male,,10.0,IT,99.9049498103645,True,2005.0
266.0,43.0,112201.0,Other,Mumbai,,Finance,22.032739343758255,True,2006.0
267.0,20.0,58243.0,,,7.0,HR,10.321664887899962,True,2014.0
268.0,36.0,77384.0,,Mumbai,9.0,IT,58.50351687186619,False,2000.0
269.0,37.0,51653.0,Female,Delhi,6.0,Marketing,48.854246644025714,False,2023.0
270.0,49.0,46657.0,Female,Delhi,16.0,,52.419627106330736,True,2003.0
271.0,24.0,59952.0,Other,Bangalore,3.0,Support,66.69354175572171,True,2024.0
272.0,69.0,42180.0,Male,Bangalore,12.0,Finance,26.714406987064933,True,2000.0
273.0,58.0,117432.0,Male,Bangalore,3.0,IT,91.06649953838884,False,2010.0
274.0,50.0,98411.0,Female,Delhi,4.0,Marketing,43.567206612229036,False,2017.0
275.0,57.0,21622.0,Male,Delhi,3.0,IT,12.908619514246178,False,2013.0
276.0,56.0,68756.0,Female,Bangalore,17.0,Support,74.22987567339443,True,2021.0
277.0,35.0,60809.0,Other,Bangalore,5.0,IT,64.31043526178503,False,2010.0
278.0,57.0,36725.0,Female,Chennai,1.0,Marketing,31.574340248403708,False,2009.0
279.0,18.0,,Female,Bangalore,10.0,Finance,62.15187240340485,,2016.0
280.0,28.0,71226.0,Other,Chennai,13.0,HR,21.986195636897687,False,2003.0
281.0,,101182.0,Male,Pune,4.0,IT,44.48393593405295,False,2023.0
282.0,42.0,102565.0,Female,Delhi,5.0,HR,89.94125221673252,True,2014.0
283.0,67.0,49402.0,Female,Bangalore,9.0,Support,13.353423316074942,,
284.0,40.0,24263.0,Other,Delhi,7.0,Finance,38.6696449987462,True,2020.0
,48.0,116523.0,Male,Delhi,13.0,Finance,82.11424247203473,True,2012.0
286.0,47.0,66828.0,Female,Delhi,2.0,,96.94908994061781,False,2008.0
,59.0,,Other,Pune,11.0,Finance,45.39261364217959,,2010.0
288.0,52.0,94182.0,Female,Mumbai,15.0,IT,50.699962014334744,True,2010.0
289.0,24.0,113065.0,Other,Bangalore,16.0,IT,57.21719617837697,True,2005.0
290.0,33.0,79052.0,Male,Mumbai,0.0,HR,93.23481416337108,False,2000.0
291.0,43.0,31664.0,Male,Mumbai,,Finance,85.82067909770298,True,2021.0
292.0,65.0,55737.0,Male,Mumbai,9.0,IT,17.060112462164433,False,2005.0
293.0,69.0,109563.0,Male,Delhi,1.0,HR,43.6757817847075,False,2012.0
294.0,66.0,49373.0,Female,Chennai,8.0,Marketing,46.40004281964263,,2021.0
295.0,,56397.0,Female,Delhi,12.0,HR,78.90961116487567,True,2023.0
,18.0,106145.0,Male,Delhi,15.0,HR,60.28928826054353,False,
297.0,65.0,58709.0,Male,Mumbai,17.0,IT,65.4220462029013,True,2004.0
298.0,29.0,81120.0,,Delhi,18.0,Support,99.81999076656176,True,2014.0
299.0,22.0,39250.0,,Mumbai,11.0,Support,7.496004347001306,True,2017.0
300.0,54.0,41172.0,Male,Chennai,7.0,Support,,False,2019.0
301.0,49.0,31555.0,Male,Bangalore,,HR,40.78959373715468,False,2013.0
,26.0,107410.0,Male,Mumbai,,IT,34.77824030488872,,2014.0
303.0,58.0,98617.0,Other,Chennai,9.0,Finance,2.164556134698359,False,2004.0
304.0,52.0,73276.0,Male,Bangalore,14.0,HR,9.177760647117584,False,2003.0
305.0,36.0,77492.0,Other,Pune,,HR,68.09532914035762,False,2001.0
306.0,65.0,73002.0,Other,Mumbai,6.0,IT,87.93244633625606,True,2006.0
307.0,33.0,109599.0,Male,Mumbai,12.0,Marketing,51.42270112659776,False,2009.0
308.0,20.0,92355.0,Other,Pune,16.0,HR,53.9191079513633,False,2015.0
309.0,37.0,111248.0,Male,Pune,8.0,Marketing,25.50934328323794,True,
310.0,41.0,44762.0,,Mumbai,7.0,,,False,2017.0
311.0,50.0,,Female,Pune,19.0,Support,75.17945873672564,True,2016.0
312.0,41.0,116999.0,Female,Delhi,17.0,IT,,False,2020.0
313.0,69.0,48769.0,Female,Bangalore,12.0,,21.266428651134284,False,
314.0,28.0,,Other,Bangalore,15.0,IT,9.701821823708945,,2000.0
315.0,66.0,43150.0,Male,Bangalore,8.0,Support,6.4238575857125895,False,2000.0
316.0,25.0,88247.0,Male,Delhi,11.0,IT,59.26960666428778,False,2014.0
317.0,53.0,24853.0,Male,Pune,11.0,HR,82.50353191428,False,2000.0
318.0,55.0,,Female,Chennai,5.0,Marketing,85.83304317809248,True,2005.0
319.0,57.0,109399.0,Female,Pune,18.0,IT,46.36220743434498,,2024.0
320.0,37.0,41792.0,Male,Mumbai,6.0,Finance,78.4271299306717,False,2012.0
321.0,52.0,79129.0,Female,Bangalore,2.0,IT,94.68801963410236,False,2000.0
322.0,65.0,94478.0,Male,Pune,15.0,,27.5170112488068,True,2004.0
323.0,42.0,87298.0,,Chennai,17.0,Support,39.79603463807572,True,2008.0
324.0,,51987.0,Male,Mumbai,15.0,Support,93.14789925966807,True,2024.0
325.0,42.0,35850.0,Male,Delhi,6.0,Marketing,33.823096731728484,False,2016.0
326.0,46.0,32112.0,Male,Delhi,3.0,HR,91.38762903217963,False,2015.0
327.0,35.0,44058.0,Male,Chennai,7.0,HR,98.10448622544658,True,2007.0
328.0,63.0,65420.0,Male,Mumbai,12.0,Support,66.18107285744247,True,2016.0
,,58890.0,Female,Bangalore,12.0,Support,81.68902895041683,True,2014.0
330.0,19.0,86017.0,Male,Pune,16.0,Marketing,74.95455642210852,False,2023.0
331.0,52.0,67304.0,Male,Mumbai,16.0,HR,69.95342576155238,True,2000.0
332.0,33.0,52921.0,Female,Delhi,4.0,Support,30.693107298123255,False,
333.0,58.0,21524.0,Female,Chennai,5.0,HR,5.709433790794371,False,2004.0
334.0,53.0,35048.0,Female,Chennai,18.0,Support,,False,2023.0
,50.0,55111.0,Male,Pune,12.0,IT,66.69359852039067,True,2005.0
336.0,21.0,57904.0,Other,,13.0,Finance,10.252919822780138,False,2024.0
337.0,50.0,74912.0,Other,Chennai,,IT,1.1917982978242092,True,2000.0
338.0,31.0,54008.0,Female,Mumbai,6.0,Support,13.969237260293866,True,2024.0
339.0,38.0,20060.0,Other,Bangalore,7.0,Finance,71.57359264107953,True,2000.0
340.0,65.0,94666.0,Female,Pune,12.0,Finance,97.2793701656444,True,2009.0
341.0,37.0,103559.0,Male,Mumbai,5.0,Support,98.30646996148205,False,2009.0
342.0,25.0,75337.0,Other,Bangalore,5.0,Support,49.39791491401879,False,2002.0
343.0,24.0,33350.0,Male,Mumbai,2.0,HR,86.93523009923474,False,2016.0
344.0,20.0,44354.0,,Mumbai,2.0,Support,73.6826455751504,False,2018.0
345.0,34.0,65186.0,Male,Chennai,12.0,,50.104023698460345,,2010.0
346.0,50.0,48145.0,Other,Bangalore,1.0,Support,57.276053295508675,True,2017.0
347.0,65.0,54020.0,Male,Pune,15.0,Marketing,13.722714661687107,True,
348.0,29.0,106123.0,Male,Pune,5.0,Support,93.7661460616592,True,
349.0,68.0,95186.0,Other,,7.0,HR,35.19297707317768,False,2023.0
350.0,39.0,105469.0,Male,Chennai,7.0,Marketing,,True,2016.0
,39.0,40581.0,Male,Delhi,5.0,IT,67.16602309978987,False,2013.0
352.0,63.0,108929.0,Male,Mumbai,13.0,Marketing,33.39024715265539,True,2003.0
353.0,47.0,43051.0,Other,Chennai,2.0,HR,,True,2016.0
354.0,55.0,71474.0,Other,Bangalore,,Marketing,63.10493932702206,True,2016.0
355.0,55.0,111748.0,,Mumbai,2.0,Support,2.498408228184945,True,2011.0
356.0,62.0,89626.0,Male,Pune,11.0,Support,72.07251120266788,False,2019.0
357.0,68.0,26960.0,Other,Delhi,16.0,HR,51.402336987650976,False,2017.0
358.0,25.0,55772.0,,Pune,,Finance,60.57537305209344,False,2002.0
359.0,,41520.0,Male,,19.0,,63.188015924688514,False,2010.0
360.0,44.0,,Male,Mumbai,8.0,IT,52.70501564925637,True,2024.0
361.0,51.0,56408.0,Male,Bangalore,19.0,HR,58.253377744073596,True,2017.0
362.0,38.0,114006.0,Female,Mumbai,6.0,Marketing,68.37882008898745,False,2003.0
363.0,,77134.0,Other,Chennai,3.0,Marketing,75.31188471796742,,2016.0
364.0,50.0,40491.0,Female,Delhi,12.0,IT,72.74523912861206,True,2017.0
365.0,45.0,21341.0,,Chennai,12.0,Support,86.96164577322617,True,2004.0
366.0,64.0,64623.0,Other,Chennai,9.0,HR,18.944343316740277,False,2013.0
367.0,50.0,110327.0,Other,Bangalore,17.0,IT,40.114796949179755,False,2009.0
368.0,22.0,20338.0,Other,Delhi,16.0,Support,94.7796066014457,False,2014.0
369.0,65.0,,Other,Mumbai,19.0,HR,39.65905743863297,True,2000.0
370.0,36.0,32254.0,Other,Mumbai,19.0,Marketing,12.487007690592266,False,2015.0
371.0,21.0,71860.0,Other,,12.0,HR,52.54451263621795,False,2010.0
372.0,52.0,31344.0,Female,Mumbai,16.0,Finance,10.949097255446215,False,
373.0,66.0,21750.0,Male,Bangalore,3.0,HR,20.28532387278652,False,
,34.0,74756.0,Male,Chennai,0.0,,99.83187565709567,False,2005.0
375.0,61.0,87957.0,Female,Chennai,0.0,HR,54.1362638396132,True,2023.0
376.0,45.0,78053.0,Female,Chennai,14.0,Finance,28.405838904042902,False,2021.0
377.0,47.0,90855.0,Female,Delhi,12.0,Marketing,99.4774954573906,True,2015.0
378.0,46.0,35896.0,Female,Mumbai,16.0,Support,,False,2001.0
379.0,63.0,75761.0,Other,Bangalore,7.0,,44.073904108426355,False,2000.0
380.0,23.0,82552.0,Male,Delhi,17.0,Finance,26.04031087879084,False,2023.0
381.0,52.0,97454.0,Other,Pune,12.0,Marketing,83.839963809219,True,2023.0
382.0,58.0,110600.0,,Bangalore,13.0,Finance,71.56207169717858,True,
383.0,54.0,47935.0,Male,Bangalore,7.0,IT,68.69414350035103,True,2021.0
,41.0,,Female,,,Marketing,89.31137413224725,False,2011.0
385.0,46.0,,Other,Chennai,14.0,IT,68.94171338713247,False,2016.0
386.0,66.0,90342.0,Female,Bangalore,12.0,Marketing,28.379794304154913,True,2024.0
387.0,63.0,32182.0,Other,Mumbai,6.0,Finance,69.38631618757323,True,2014.0
388.0,48.0,107833.0,Male,Bangalore,4.0,IT,30.581351128366396,False,2018.0
389.0,52.0,76276.0,Female,,16.0,Finance,75.92389796569951,True,2021.0
390.0,50.0,39541.0,Female,Bangalore,15.0,Marketing,61.9747854491566,False,2009.0
391.0,69.0,114457.0,Male,Pune,1.0,Finance,7.741155198475058,True,2011.0
392.0,38.0,102310.0,Male,Pune,17.0,IT,51.283536243514206,True,2013.0
393.0,,64813.0,Male,Chennai,16.0,IT,34.330096919574096,True,2008.0
394.0,40.0,57198.0,Female,Mumbai,,Finance,32.85706327322943,False,2012.0
395.0,50.0,28820.0,,Mumbai,12.0,HR,60.225630237725724,False,2002.0
396.0,20.0,44070.0,Female,Delhi,17.0,Marketing,32.23248244694249,True,2020.0
397.0,35.0,89768.0,,Chennai,13.0,Marketing,77.68937482048727,False,2013.0
398.0,42.0,31122.0,Female,Bangalore,17.0,Finance,7.079143601117444,False,2020.0
399.0,59.0,100559.0,Female,Chennai,12.0,HR,66.03882523958255,False,
400.0,48.0,93543.0,Male,Delhi,10.0,,80.91948036567412,False,2015.0
401.0,20.0,103441.0,Other,Chennai,,Support,67.283168992043,True,2006.0
402.0,57.0,61786.0,Female,Chennai,16.0,Support,49.72291950199958,False,2003.0
403.0,63.0,114934.0,Female,Delhi,7.0,Finance,95.03070137361811,False,2019.0
404.0,41.0,119804.0,Male,Mumbai,18.0,HR,29.99384897980636,True,2022.0
405.0,67.0,26737.0,Male,Bangalore,19.0,HR,1.9167887524977778,False,2024.0
406.0,49.0,56062.0,Other,Delhi,14.0,Marketing,43.198937146344086,False,2010.0
407.0,64.0,74237.0,Female,Pune,8.0,IT,3.301193590032725,False,2015.0
408.0,,71571.0,,Mumbai,19.0,HR,95.39367525264088,True,2019.0
409.0,40.0,45510.0,Female,Pune,9.0,,20.99180457480515,True,2003.0
410.0,19.0,39426.0,Other,Mumbai,11.0,IT,78.89270239488795,False,2021.0
411.0,44.0,57265.0,Male,Bangalore,19.0,IT,77.45720831743648,False,2021.0
412.0,59.0,37850.0,Female,Bangalore,0.0,Finance,21.772889968293352,True,2022.0
413.0,19.0,,Other,Chennai,19.0,HR,,True,2016.0
414.0,43.0,107312.0,Male,Pune,8.0,Finance,4.807896848645021,True,2012.0
415.0,34.0,109613.0,Male,Mumbai,14.0,HR,48.35745857038675,False,2010.0
416.0,57.0,94910.0,Other,Bangalore,0.0,Marketing,1.4647127272486737,False,2002.0
417.0,50.0,72375.0,Female,Delhi,11.0,Finance,92.11438801808418,True,2008.0
418.0,26.0,,Female,Bangalore,2.0,Finance,97.60860241995717,False,2005.0
419.0,60.0,116443.0,Male,Delhi,10.0,Support,22.228276663858527,False,
420.0,65.0,77132.0,Female,Mumbai,1.0,,20.810603459637278,False,2020.0
421.0,56.0,98945.0,Female,Bangalore,,HR,75.37201765621296,False,2010.0
422.0,46.0,102050.0,Female,Bangalore,8.0,Support,,False,
423.0,59.0,115402.0,,Mumbai,14.0,Finance,89.5076559161845,False,
424.0,43.0,22983.0,Other,Bangalore,11.0,Finance,57.39291361229822,False,2004.0
425.0,52.0,117241.0,Female,Delhi,0.0,Marketing,35.077762301031214,True,
426.0,67.0,40662.0,Male,Bangalore,12.0,Finance,83.26937463494201,True,2016.0
427.0,42.0,,Male,Pune,13.0,IT,49.34067004133952,True,2002.0
428.0,41.0,98187.0,Other,Chennai,7.0,Support,91.16329137084756,True,2003.0
429.0,30.0,60998.0,Female,Delhi,7.0,IT,92.8014236729381,True,2015.0
430.0,24.0,76846.0,Female,Pune,,Support,16.542015212840933,True,2015.0
431.0,53.0,114071.0,Other,Mumbai,0.0,Marketing,0.23234061319302723,True,2020.0
432.0,62.0,26640.0,Other,Delhi,10.0,Finance,98.39309401424022,True,2024.0
433.0,37.0,64547.0,Male,Chennai,7.0,Finance,90.61375361274794,True,2003.0
434.0,18.0,,Male,Chennai,9.0,Finance,5.544523570384142,False,2018.0
435.0,25.0,35317.0,Other,Mumbai,18.0,Support,83.30342639410699,False,2016.0
436.0,63.0,27564.0,Female,Mumbai,10.0,Finance,45.78049325592066,True,2012.0
437.0,33.0,47345.0,Male,Delhi,6.0,IT,25.896160502497523,False,2021.0
438.0,31.0,,Male,Bangalore,10.0,Finance,87.87465236769299,False,2022.0
439.0,29.0,99273.0,Female,Mumbai,16.0,Marketing,19.666723239030727,True,
440.0,68.0,94859.0,Male,Bangalore,0.0,IT,94.7299999420067,True,2000.0
441.0,40.0,100765.0,Female,Pune,7.0,Finance,20.562148769934108,,2011.0
442.0,32.0,94038.0,Female,Chennai,5.0,Finance,61.36831877287435,False,2003.0
443.0,45.0,72393.0,Female,Bangalore,17.0,HR,22.308633452897485,False,2010.0
444.0,51.0,86081.0,Other,Chennai,5.0,Support,54.566866496863476,True,2004.0
445.0,,49430.0,Other,Bangalore,4.0,IT,68.39751299151413,False,2001.0
446.0,49.0,95532.0,Other,Pune,12.0,HR,19.022793082013756,False,2016.0
447.0,40.0,47788.0,Female,Mumbai,18.0,Marketing,52.08857827006792,False,2007.0
448.0,39.0,115505.0,Female,Pune,7.0,Support,46.9059744390119,True,
449.0,68.0,,Other,Mumbai,8.0,IT,7.103742140334123,False,2020.0
450.0,42.0,33919.0,Male,Mumbai,16.0,Finance,81.8307817675303,False,2008.0
451.0,39.0,89346.0,Female,Chennai,2.0,IT,33.56824006428417,False,2012.0
452.0,39.0,116122.0,Male,Pune,18.0,Finance,57.458219755187955,False,2010.0
453.0,66.0,59974.0,Male,,10.0,Support,51.47842349331344,False,2015.0
454.0,69.0,36371.0,Female,,16.0,Finance,51.326050457044225,False,2015.0
455.0,59.0,65084.0,,Chennai,18.0,Marketing,10.722239420848744,False,2001.0
456.0,23.0,49629.0,Male,Mumbai,1.0,Finance,42.34820092493328,True,2009.0
457.0,32.0,71184.0,Male,,7.0,Marketing,45.23667592065702,True,2011.0
458.0,60.0,81916.0,Other,,18.0,Support,73.36428403644484,False,2007.0
459.0,54.0,93972.0,Other,Delhi,,Support,84.00188319206985,True,2010.0
460.0,50.0,82187.0,Female,Bangalore,16.0,IT,,False,2009.0
461.0,25.0,32984.0,Other,Chennai,5.0,Marketing,8.678295406499048,False,2012.0
462.0,61.0,53039.0,Other,Bangalore,18.0,Marketing,23.684947059654625,False,2024.0
463.0,61.0,105431.0,Other,Bangalore,5.0,HR,16.493402685273107,True,2016.0
464.0,22.0,103691.0,Other,Delhi,1.0,HR,12.461506318912473,False,2006.0
465.0,56.0,78606.0,Male,Bangalore,5.0,HR,36.58992986178076,False,2023.0
466.0,21.0,30616.0,Female,Delhi,4.0,Finance,22.939350215438203,True,2002.0
467.0,23.0,70072.0,Other,Mumbai,18.0,HR,21.83031118115123,True,2019.0
468.0,62.0,44574.0,Male,Chennai,19.0,Marketing,5.469317457626765,False,2012.0
469.0,49.0,,Male,Bangalore,3.0,Finance,1.7670044795433881,True,2018.0
470.0,69.0,32676.0,Male,Delhi,16.0,Support,10.27682426497818,True,
471.0,47.0,30816.0,Other,Pune,10.0,IT,17.219747942363306,False,2008.0
472.0,64.0,52733.0,Other,,3.0,HR,43.098372884820314,False,2018.0
473.0,52.0,105680.0,Female,Mumbai,12.0,Support,51.05202612988447,False,2012.0
474.0,57.0,22050.0,Other,Mumbai,19.0,,14.059191817336558,True,2021.0
475.0,69.0,53933.0,Other,Pune,16.0,IT,,True,2007.0
476.0,33.0,44951.0,Male,Delhi,8.0,Support,34.17488423259273,True,2021.0
477.0,30.0,,Female,Bangalore,3.0,IT,18.342364349795602,False,2017.0
478.0,67.0,54801.0,Other,Delhi,13.0,HR,0.6840748148363551,True,2022.0
479.0,59.0,75619.0,Other,Mumbai,18.0,Marketing,46.70178665217417,True,2001.0
480.0,47.0,52913.0,Male,Delhi,,,68.56517492651993,,2017.0
481.0,36.0,60600.0,Male,Mumbai,13.0,Support,22.627733414380703,False,2017.0
482.0,34.0,77775.0,Other,,7.0,HR,13.180682989667936,False,2010.0
483.0,36.0,110816.0,Female,Pune,0.0,HR,88.70427444469618,True,2000.0
484.0,45.0,110093.0,Female,Chennai,9.0,Support,27.502477248779776,False,2013.0
485.0,43.0,55400.0,Male,Pune,17.0,Support,22.361261979266477,True,2015.0
486.0,54.0,24494.0,Male,Pune,15.0,IT,85.70969396099159,True,2010.0
487.0,43.0,100688.0,Other,Chennai,7.0,Finance,81.71070991667612,False,2000.0
488.0,40.0,109431.0,Male,Chennai,0.0,HR,44.83464705246336,False,2006.0
489.0,26.0,94691.0,Other,Bangalore,11.0,IT,48.92388614277745,False,2015.0
490.0,29.0,117419.0,Female,Bangalore,7.0,Support,21.774870483402196,False,
491.0,18.0,63001.0,,Pune,15.0,IT,7.830167047955749,False,2014.0
492.0,18.0,87364.0,Other,Pune,17.0,Support,57.34318253556611,True,2013.0
493.0,64.0,65028.0,Male,Mumbai,3.0,Marketing,9.834492159021313,,2020.0
494.0,51.0,117659.0,Female,Mumbai,5.0,Support,44.927454695664984,True,2010.0
495.0,49.0,57573.0,Male,Bangalore,11.0,Support,94.04971985130108,False,2015.0
496.0,65.0,20806.0,Female,Bangalore,8.0,Support,95.28343891705843,,2018.0
497.0,42.0,76638.0,,Mumbai,14.0,Finance,23.93322865473586,False,2016.0
498.0,57.0,49757.0,Other,,15.0,Support,62.41134200456544,False,2005.0
499.0,62.0,,Other,,11.0,HR,47.40762641078577,True,2010.0
500.0,18.0,100097.0,Female,Delhi,13.0,HR,87.5685127586106,True,2016.0
501.0,33.0,68280.0,Male,Mumbai,12.0,IT,27.143086427605322,False,2008.0
502.0,56.0,44262.0,Male,Delhi,1.0,Finance,0.3702406832416849,True,2017.0
503.0,,100435.0,Male,Chennai,2.0,IT,16.25612059314151,False,2016.0
,39.0,82211.0,Female,Bangalore,9.0,HR,34.952280116939804,True,2011.0
505.0,46.0,74842.0,Female,Bangalore,8.0,HR,31.57211297704886,True,2022.0
506.0,20.0,76979.0,Female,Mumbai,19.0,Marketing,79.1362919122886,True,
507.0,29.0,101470.0,Female,,7.0,,68.05606661388379,True,2021.0
508.0,,58197.0,Female,Mumbai,9.0,HR,29.955631961489726,True,2004.0
509.0,33.0,61844.0,Male,Delhi,18.0,IT,45.774381716621335,False,2010.0
510.0,68.0,84754.0,Female,Pune,2.0,IT,9.555910395833521,True,2003.0
511.0,54.0,54157.0,Female,Delhi,4.0,Support,89.81464448201008,True,2003.0
512.0,39.0,97129.0,Male,Chennai,2.0,Support,93.54248244485342,True,2002.0
513.0,46.0,60042.0,Female,Delhi,15.0,Marketing,97.98035353809381,False,2023.0
514.0,31.0,81665.0,Male,Chennai,16.0,Finance,86.85528307858377,False,2022.0
515.0,45.0,102856.0,Male,Chennai,14.0,IT,17.39608876962255,False,2024.0
516.0,22.0,47376.0,Other,Delhi,2.0,Support,4.6196483201628835,False,2016.0
517.0,64.0,75554.0,,Delhi,11.0,IT,57.9596727412674,False,2006.0
518.0,66.0,34199.0,Other,Chennai,8.0,Support,91.26050268831104,True,2003.0
519.0,47.0,101412.0,Other,Pune,11.0,HR,17.735136165974286,True,2022.0
520.0,63.0,70948.0,Female,Chennai,14.0,IT,0.704291462414186,True,2012.0
521.0,69.0,93781.0,Other,,1.0,HR,,False,2011.0
522.0,22.0,92750.0,Male,Chennai,17.0,IT,7.6795684286734005,False,2000.0
,29.0,86262.0,Female,Pune,19.0,Finance,41.37060319100304,True,2020.0
524.0,33.0,66600.0,Other,Bangalore,11.0,,67.8887337188785,False,2018.0
525.0,43.0,96898.0,Male,Mumbai,3.0,HR,23.679758545618014,False,2020.0
526.0,43.0,82483.0,Female,Mumbai,15.0,Support,8.39625634467267,False,2019.0
527.0,65.0,38297.0,Female,Pune,15.0,Finance,77.00212284558286,True,2017.0
528.0,38.0,50448.0,Other,Chennai,0.0,IT,63.017508488704145,True,2010.0
529.0,56.0,46172.0,Female,Delhi,1.0,HR,98.84904844868048,False,2019.0
530.0,53.0,62874.0,Male,Pune,2.0,IT,34.43080333199593,False,2002.0
531.0,50.0,27657.0,Female,Bangalore,,IT,6.17623862901997,False,2016.0
532.0,47.0,104386.0,Male,Bangalore,16.0,IT,73.43500353352958,False,2011.0
533.0,54.0,45425.0,Female,Mumbai,19.0,Marketing,52.17334188532456,True,2009.0
534.0,40.0,46685.0,Other,Bangalore,0.0,Marketing,,False,2007.0
535.0,27.0,44578.0,Male,Pune,19.0,Support,78.17289890047594,True,2014.0
536.0,22.0,,Female,Bangalore,5.0,HR,20.375548584994373,True,2004.0
537.0,53.0,,Female,Pune,14.0,Finance,26.06616548329366,True,2003.0
538.0,51.0,81413.0,Female,Delhi,13.0,Finance,9.252855436671915,False,2020.0
539.0,69.0,74028.0,Male,Mumbai,19.0,Finance,39.94322790308544,True,2019.0
540.0,48.0,27287.0,Male,Bangalore,14.0,IT,41.89292239374189,True,2018.0
541.0,27.0,53660.0,Male,Pune,13.0,,51.456179034829844,False,2020.0
542.0,36.0,95758.0,Other,Chennai,4.0,HR,70.89642671237775,False,2003.0
543.0,,80504.0,Other,Mumbai,5.0,,90.61009286804259,False,2014.0
544.0,18.0,79720.0,Male,Delhi,16.0,Marketing,13.773409888780863,True,2016.0
545.0,22.0,54701.0,Female,Pune,10.0,Marketing,5.434809834865706,False,2011.0
546.0,62.0,103300.0,Other,Delhi,15.0,HR,1.8531233594333285,True,2002.0
547.0,21.0,37674.0,Male,Delhi,11.0,HR,14.362137806881625,True,2009.0
548.0,33.0,103560.0,Female,Bangalore,14.0,HR,65.79494857816259,False,2014.0
,,43874.0,Other,Bangalore,3.0,IT,72.74770779964966,True,2009.0
550.0,33.0,63642.0,Female,Pune,17.0,Support,78.65057135281222,True,2023.0
,19.0,117820.0,Female,Chennai,,HR,24.370821190434267,True,2022.0
552.0,,85160.0,Female,Pune,,Support,30.58948132615199,True,
553.0,45.0,37602.0,Female,Chennai,2.0,IT,48.313464556549945,False,2000.0
554.0,49.0,108801.0,Other,Delhi,7.0,Support,6.3183096860226495,True,2002.0
555.0,44.0,45931.0,Other,Mumbai,17.0,Finance,61.114152321124614,False,2020.0
,37.0,114377.0,Other,Pune,9.0,Support,98.37350336757578,True,2011.0
557.0,41.0,49192.0,Male,Pune,19.0,HR,36.08063113780025,True,2000.0
558.0,29.0,66542.0,Other,Chennai,16.0,IT,75.2847475091384,False,2002.0
559.0,67.0,62520.0,Female,Delhi,7.0,HR,50.0033915569608,True,2002.0
560.0,52.0,84772.0,Other,Delhi,10.0,Finance,12.781184436038274,True,2004.0
561.0,50.0,78762.0,Female,Chennai,4.0,HR,58.223744880258636,True,2018.0
562.0,50.0,70106.0,Male,Delhi,12.0,HR,29.987426844406496,True,2024.0
563.0,68.0,101121.0,Female,Bangalore,4.0,HR,3.4403208453458234,True,2000.0
,60.0,45559.0,Female,Mumbai,,Marketing,63.49297301177438,True,2003.0
565.0,54.0,53742.0,Female,Pune,5.0,Finance,85.89323493247277,False,2003.0
566.0,29.0,89669.0,Male,Mumbai,4.0,HR,34.47697668998742,False,2016.0
567.0,20.0,100199.0,Other,Pune,8.0,HR,39.02955472127705,False,2013.0
568.0,18.0,41754.0,Other,,15.0,HR,89.10216829672115,True,2017.0
569.0,50.0,23972.0,,Delhi,1.0,IT,81.36088133673559,,2000.0
570.0,57.0,90831.0,Female,Chennai,,Marketing,71.49528235517771,True,2021.0
571.0,27.0,61873.0,Other,Bangalore,7.0,IT,24.879706375314793,False,2015.0
572.0,60.0,114661.0,Male,Mumbai,18.0,Marketing,91.02166549666445,True,2002.0
573.0,61.0,29903.0,Other,Chennai,,HR,15.441575753921299,False,2022.0
,46.0,23020.0,Male,Delhi,11.0,Finance,62.67705194172218,True,2020.0
575.0,30.0,61755.0,Female,Bangalore,11.0,Support,2.88011805465187,True,2008.0
576.0,29.0,105956.0,Other,,6.0,Support,64.37198063249458,True,2022.0
577.0,48.0,106988.0,Male,Bangalore,12.0,HR,27.714435187335983,False,2003.0
578.0,63.0,65648.0,Other,Bangalore,7.0,IT,44.967697718372,True,2020.0
579.0,19.0,29516.0,Other,Delhi,8.0,Finance,,False,2004.0
580.0,68.0,22396.0,Other,Pune,6.0,Marketing,17.27567562462099,True,2010.0
581.0,67.0,104082.0,Other,Chennai,14.0,HR,62.198079009387406,True,2020.0
582.0,52.0,39129.0,Male,Delhi,1.0,Finance,88.19755551406074,False,2008.0
583.0,40.0,21591.0,Female,Bangalore,19.0,,95.90842422824034,True,2002.0
584.0,34.0,31303.0,Male,,11.0,Marketing,19.234636315391505,True,2005.0
585.0,43.0,50561.0,Male,Pune,0.0,Finance,71.73727740629734,True,2023.0
586.0,25.0,91719.0,Male,Chennai,7.0,IT,66.43393666056822,True,2010.0
587.0,46.0,112108.0,,Pune,4.0,IT,34.33777895745725,False,
588.0,43.0,119616.0,Other,Mumbai,14.0,IT,1.9099199353725838,False,2014.0
589.0,27.0,106231.0,Other,Chennai,0.0,Finance,68.97912473128662,True,2022.0
590.0,43.0,27314.0,Other,Pune,0.0,IT,94.54948605595001,True,2002.0
591.0,51.0,39623.0,Female,Bangalore,9.0,Marketing,63.21201219156514,False,2000.0
592.0,68.0,87675.0,Other,Chennai,9.0,Finance,43.52927241876341,True,2019.0
593.0,58.0,116826.0,Female,Chennai,14.0,Support,52.515389411162836,False,2021.0
594.0,24.0,85082.0,,Delhi,,Finance,,True,2018.0
595.0,21.0,103624.0,,Bangalore,,Marketing,75.05441637537376,False,2013.0
,67.0,53130.0,Male,Mumbai,2.0,Support,74.64198300098491,False,2016.0
597.0,62.0,71756.0,Female,Pune,12.0,Finance,14.551730038742495,False,2021.0
598.0,28.0,,Male,Delhi,15.0,IT,87.7978382499659,False,2013.0
599.0,46.0,46292.0,Male,Pune,7.0,HR,26.918973947330528,True,2016.0
600.0,53.0,106206.0,Male,Mumbai,14.0,HR,98.22560609366148,True,2024.0
601.0,42.0,89274.0,Female,Mumbai,16.0,IT,38.290301403724584,False,2013.0
602.0,38.0,22469.0,Female,Chennai,16.0,HR,17.788405873449964,False,2011.0
603.0,53.0,,Other,Mumbai,12.0,HR,35.17201113456523,False,2015.0
604.0,27.0,42534.0,Male,Pune,16.0,IT,44.01803286971931,False,2000.0
605.0,54.0,83620.0,Other,Bangalore,5.0,IT,6.930777303829483,True,2012.0
606.0,26.0,68874.0,Male,Bangalore,16.0,Finance,57.82183812232895,False,2005.0
607.0,41.0,,Female,Chennai,,Finance,,False,2016.0
,52.0,94553.0,Female,Pune,13.0,IT,73.89304553494722,False,2011.0
609.0,66.0,88344.0,,Pune,12.0,Marketing,2.9169892290743293,False,2022.0
,52.0,69138.0,Male,Mumbai,5.0,HR,54.123821443383015,False,2018.0
611.0,65.0,74302.0,Female,Pune,2.0,Finance,5.290743327066439,False,2005.0
612.0,53.0,67638.0,Male,Delhi,13.0,HR,70.11442199666534,False,2006.0
613.0,35.0,98249.0,Other,Mumbai,13.0,Support,5.572798570098447,True,2000.0
614.0,66.0,22719.0,Male,Delhi,14.0,IT,91.17278483416327,False,2000.0
615.0,56.0,42890.0,Other,Chennai,7.0,Marketing,70.20825668844965,False,2004.0
616.0,49.0,97236.0,,Bangalore,14.0,Support,50.73897650851571,False,2005.0
617.0,41.0,56509.0,,Chennai,12.0,Support,,True,2015.0
618.0,40.0,62534.0,Female,Bangalore,16.0,Support,13.067263041326239,,2024.0
619.0,49.0,112241.0,Other,Chennai,2.0,IT,29.09993895646631,,
620.0,54.0,38787.0,Female,Pune,5.0,Finance,86.89591050208962,False,2013.0
621.0,29.0,68845.0,,Delhi,,IT,90.4452811562494,False,2000.0
622.0,66.0,77932.0,Other,Bangalore,16.0,Finance,0.07477083705310639,False,2012.0
623.0,30.0,112124.0,Male,Mumbai,1.0,Support,59.41363914775513,True,2019.0
,40.0,111659.0,Male,Delhi,14.0,Support,71.93006090251136,False,2009.0
625.0,42.0,53062.0,Male,Mumbai,4.0,Marketing,61.87469824576063,True,2023.0
626.0,52.0,95713.0,Male,Delhi,19.0,Finance,8.167976486635398,True,2009.0
,58.0,,Male,,5.0,Support,21.772489879890223,,2008.0
628.0,47.0,115756.0,Female,Chennai,5.0,HR,25.034026738138603,True,2012.0
629.0,34.0,80461.0,Male,Bangalore,17.0,Marketing,83.17246313050897,True,2002.0
630.0,66.0,95418.0,Female,Bangalore,17.0,IT,46.31994363089205,False,
631.0,37.0,86672.0,Female,Delhi,3.0,Marketing,48.68282119412368,False,2019.0
632.0,65.0,54832.0,Female,Pune,16.0,HR,93.48930465545085,True,2001.0
633.0,42.0,51966.0,Other,Pune,13.0,Finance,63.70858888547155,False,2016.0
634.0,39.0,92545.0,Other,Mumbai,13.0,IT,89.86677015526638,False,2018.0
635.0,30.0,32987.0,Female,Mumbai,12.0,IT,,True,2022.0
636.0,36.0,57311.0,Other,Chennai,6.0,Finance,14.943625851829424,,2012.0
637.0,66.0,51575.0,Male,Delhi,11.0,Marketing,92.99355940740857,False,2012.0
638.0,53.0,,Male,Mumbai,14.0,Support,45.87051156675383,False,2000.0
639.0,,21007.0,Female,Mumbai,18.0,Marketing,18.163142187882187,False,2001.0
640.0,58.0,90981.0,Male,Delhi,10.0,HR,30.239574030392223,False,2000.0
641.0,36.0,96242.0,Female,Chennai,,Support,5.080258968894224,,2023.0
642.0,29.0,67517.0,Female,Mumbai,11.0,Marketing,46.830059145638515,False,2004.0
643.0,26.0,49257.0,Male,Chennai,2.0,Finance,,True,2023.0
644.0,24.0,107272.0,Other,Bangalore,16.0,HR,93.35804560066893,True,2002.0
645.0,45.0,62207.0,Male,Chennai,2.0,HR,93.26022075036437,,2006.0
646.0,31.0,33281.0,Male,Pune,18.0,HR,12.523002562874675,,2023.0
647.0,48.0,81246.0,Female,Pune,19.0,Support,38.205388251105695,False,2021.0
648.0,69.0,21435.0,,Chennai,3.0,IT,2.822875965070637,True,2012.0
649.0,36.0,118875.0,Female,Pune,2.0,Support,85.51653449714728,,2022.0
650.0,64.0,111357.0,Female,Bangalore,15.0,Marketing,,True,2017.0
651.0,33.0,46660.0,Other,Delhi,11.0,IT,63.11170278922348,True,2023.0
652.0,22.0,25084.0,Other,Pune,,Marketing,71.48984380772886,False,2020.0
653.0,52.0,102197.0,Other,Pune,16.0,IT,42.98446697431554,True,2006.0
654.0,29.0,33507.0,Female,Chennai,6.0,Support,,True,2000.0
,42.0,92595.0,Female,Bangalore,10.0,HR,96.22129101159447,False,2004.0
656.0,69.0,103807.0,,Delhi,17.0,Finance,96.44882250238543,True,2016.0
657.0,38.0,65539.0,Other,Chennai,0.0,HR,28.943636803002192,True,2007.0
658.0,53.0,27491.0,Female,Chennai,2.0,Support,47.962509674445805,False,2014.0
659.0,40.0,70192.0,Male,Bangalore,3.0,IT,97.28441586600223,True,2019.0
660.0,33.0,100395.0,Male,Delhi,12.0,HR,0.48684076555032263,True,2003.0
661.0,56.0,83888.0,Female,Bangalore,5.0,Support,41.26782483791492,True,2001.0
662.0,62.0,93609.0,,Delhi,13.0,Marketing,10.045754968096842,True,2004.0
663.0,59.0,29077.0,Male,Bangalore,4.0,Finance,50.91579655626026,False,2000.0
,56.0,40953.0,Other,Chennai,15.0,HR,2.466995454048715,True,
665.0,31.0,96919.0,Female,Chennai,14.0,IT,40.68984313906279,False,2004.0
666.0,48.0,87889.0,Female,Mumbai,14.0,Marketing,22.069907478533512,True,2005.0
667.0,22.0,43821.0,Other,Pune,3.0,Support,53.33083624587408,False,2001.0
668.0,52.0,57567.0,Male,Bangalore,7.0,Finance,99.59936491006997,False,2000.0
669.0,40.0,44860.0,Male,Mumbai,15.0,IT,80.05361051267477,False,2003.0
670.0,46.0,41195.0,Female,Pune,15.0,Support,84.56420916244214,True,2006.0
671.0,60.0,97475.0,Male,Bangalore,3.0,Support,63.526498735908085,True,2021.0
672.0,28.0,110874.0,Other,Delhi,12.0,HR,4.155984827225856,True,2000.0
673.0,35.0,107266.0,Other,Pune,12.0,HR,20.679767604414412,False,
674.0,64.0,41427.0,Female,Chennai,1.0,IT,92.5064556447055,True,2007.0
675.0,29.0,47083.0,Other,Mumbai,2.0,Support,36.61131179287512,True,2019.0
676.0,26.0,107046.0,Other,Pune,7.0,HR,10.363672648079557,True,2015.0
677.0,27.0,77372.0,Female,Pune,14.0,Finance,70.2405365866202,True,2020.0
678.0,61.0,64064.0,Other,Chennai,10.0,Finance,29.945772393425464,False,2012.0
679.0,34.0,27813.0,Other,Bangalore,8.0,Support,26.885691290417167,False,2022.0
680.0,55.0,51598.0,Other,Delhi,6.0,HR,99.79774555582604,True,2023.0
681.0,24.0,113106.0,Male,Chennai,12.0,IT,85.81389250266544,True,2022.0
682.0,63.0,47082.0,Female,Delhi,1.0,IT,40.793781836784106,,2017.0
683.0,30.0,49241.0,Female,Bangalore,7.0,IT,98.02612078164991,False,2019.0
684.0,57.0,116214.0,Female,Pune,6.0,Finance,65.01132234192136,True,2009.0
685.0,59.0,,Male,Delhi,11.0,HR,74.20224518797602,False,2011.0
686.0,26.0,,Male,Mumbai,18.0,HR,3.151304308221159,False,2000.0
687.0,67.0,46029.0,Female,Mumbai,6.0,Finance,12.16052593480571,True,2009.0
,44.0,33025.0,Male,Chennai,9.0,IT,63.308512649623836,True,2008.0
689.0,,34288.0,Female,Bangalore,15.0,IT,89.90239826494839,True,2002.0
690.0,22.0,109186.0,Male,Chennai,2.0,Support,62.374372608759565,False,2018.0
691.0,46.0,26540.0,Other,Chennai,9.0,Marketing,13.402489431899179,False,2008.0
692.0,54.0,117768.0,Other,Chennai,5.0,HR,11.576004624632464,True,2009.0
693.0,55.0,101958.0,Female,Mumbai,17.0,HR,84.41858958240816,False,2018.0
,,88878.0,Male,Mumbai,17.0,HR,13.930233870791431,True,2015.0
695.0,25.0,61846.0,Male,Chennai,4.0,Marketing,52.02319605040254,True,2023.0
696.0,65.0,95932.0,Other,Mumbai,6.0,Support,3.711331996230227,False,2017.0
697.0,62.0,37482.0,Other,Bangalore,1.0,Marketing,8.066976739117738,False,
698.0,18.0,43411.0,Male,Chennai,10.0,,67.23482676428648,False,2002.0
,39.0,70975.0,Male,Mumbai,12.0,IT,68.91814104275167,False,2001.0
700.0,69.0,,Male,Delhi,4.0,HR,34.14694066084424,True,2000.0
701.0,34.0,98797.0,Male,Chennai,5.0,Finance,21.560976524304476,True,2017.0
702.0,24.0,72307.0,Male,Chennai,13.0,HR,81.3710270757308,True,2023.0
703.0,42.0,23093.0,Male,Bangalore,11.0,Finance,21.710322946989034,False,2008.0
704.0,62.0,,Female,Pune,3.0,Marketing,54.20270696663797,True,2012.0
705.0,21.0,42042.0,Male,Pune,5.0,IT,96.82088408629055,False,2001.0
706.0,53.0,72930.0,Other,Bangalore,9.0,Finance,14.785243786238379,False,2006.0
707.0,23.0,64413.0,Female,Bangalore,17.0,Marketing,94.08762674947089,False,
708.0,48.0,113623.0,Male,Bangalore,14.0,IT,18.289305306866865,True,2020.0
709.0,36.0,117883.0,Other,Pune,7.0,Finance,56.74432080232295,False,2018.0
710.0,61.0,53756.0,Female,Bangalore,8.0,,37.70077119587446,False,2024.0
711.0,56.0,73268.0,Other,Mumbai,4.0,HR,96.4928601501826,False,2014.0
712.0,44.0,59214.0,Male,Chennai,9.0,HR,27.35420290019369,,2021.0
713.0,27.0,101871.0,Male,Chennai,19.0,Marketing,39.96580020857537,False,2010.0
714.0,43.0,48602.0,,Delhi,5.0,HR,98.28601178554204,False,2000.0
715.0,36.0,73331.0,Male,Delhi,15.0,Support,53.64703911884732,False,2020.0
716.0,56.0,68901.0,Female,Chennai,2.0,IT,50.26301156212535,False,2006.0
717.0,20.0,119986.0,Female,Mumbai,9.0,Marketing,25.77784882039913,False,
718.0,62.0,83416.0,Other,Pune,10.0,HR,70.13635603104414,False,2007.0
719.0,30.0,52196.0,Male,Pune,10.0,IT,1.4372951777777643,False,2009.0
720.0,67.0,25626.0,Other,Mumbai,16.0,Finance,4.951262970229353,,2004.0
721.0,45.0,27424.0,Female,Pune,3.0,HR,59.935858713580274,True,2008.0
722.0,37.0,32857.0,Male,Bangalore,,IT,34.16745738184541,True,2024.0
723.0,45.0,39982.0,Male,Chennai,16.0,Support,95.33163722009606,False,2024.0
724.0,25.0,96961.0,Female,Chennai,8.0,Finance,90.31906907227857,False,2000.0
725.0,58.0,21980.0,Female,Mumbai,18.0,Support,71.37062586767073,False,2001.0
726.0,,68290.0,Female,Pune,,IT,81.81455811278013,True,2018.0
727.0,18.0,46431.0,Female,Delhi,5.0,Support,66.73318496676933,True,2013.0
728.0,20.0,104976.0,Female,Delhi,2.0,IT,12.558210271016069,True,2019.0
729.0,30.0,102711.0,Male,Pune,0.0,IT,76.55433696892027,False,2009.0
730.0,45.0,46385.0,Female,Delhi,19.0,Support,21.01919687188464,False,2008.0
731.0,66.0,58158.0,Male,Mumbai,15.0,IT,32.344285510019674,False,2009.0
732.0,42.0,43019.0,Male,Mumbai,10.0,HR,,False,2005.0
733.0,50.0,38639.0,Female,Pune,12.0,IT,53.65256083934482,True,2016.0
734.0,55.0,105530.0,Female,Delhi,9.0,Marketing,85.99407141834092,False,2024.0
,23.0,119911.0,Male,Mumbai,2.0,IT,21.30353198432642,True,2005.0
736.0,61.0,41563.0,Female,Mumbai,8.0,Marketing,60.77784386068872,True,2003.0
737.0,62.0,59341.0,Female,,11.0,IT,8.379097254826162,False,2019.0
,49.0,25776.0,Female,Bangalore,13.0,IT,64.30609935400297,True,2002.0
739.0,62.0,56444.0,Other,Mumbai,0.0,Support,76.25340377755347,True,2022.0
740.0,64.0,88916.0,Male,Pune,17.0,HR,58.49308939787217,True,2018.0
741.0,38.0,28711.0,Other,Chennai,16.0,HR,26.623150149881024,True,2017.0
742.0,33.0,94318.0,Female,,8.0,Finance,3.134266885886672,False,2023.0
,,102970.0,Other,Mumbai,8.0,Support,11.944888396428578,False,2003.0
744.0,28.0,105553.0,Female,Mumbai,9.0,Support,62.23029790740262,True,2007.0
745.0,54.0,,Other,Mumbai,18.0,HR,93.44202168425137,False,2016.0
746.0,53.0,59110.0,Female,Pune,14.0,Support,20.65344039720064,True,2004.0
747.0,52.0,81788.0,Other,Bangalore,4.0,HR,73.50261491050988,False,2012.0
748.0,36.0,102879.0,Other,Mumbai,14.0,Support,86.64510632490415,False,2024.0
749.0,37.0,58827.0,Other,Mumbai,19.0,,52.08821784475111,,2000.0
750.0,35.0,25655.0,Male,Delhi,1.0,HR,66.92657958436577,False,2012.0
751.0,64.0,64859.0,Other,Pune,12.0,HR,81.50153166761481,False,2003.0
752.0,58.0,73625.0,Male,Mumbai,15.0,Marketing,26.06751577405936,True,2021.0
753.0,66.0,,Female,Delhi,14.0,Support,29.6895674268043,False,
754.0,31.0,35251.0,Other,Chennai,9.0,Support,0.06275166284561706,True,2013.0
,32.0,20526.0,Female,Mumbai,13.0,HR,96.30941308978025,True,2002.0
756.0,48.0,88760.0,Female,Mumbai,9.0,IT,91.75448945963448,False,2004.0
757.0,18.0,67837.0,Other,Delhi,13.0,IT,76.45682637594304,True,
758.0,20.0,31536.0,Male,Pune,8.0,IT,7.907602097664812,False,2000.0
759.0,33.0,48541.0,Other,Mumbai,13.0,Support,44.750288969950816,True,2022.0
760.0,40.0,,,Chennai,2.0,Marketing,10.189175397155282,True,2011.0
761.0,28.0,71027.0,Female,,19.0,HR,1.5920267262798604,False,2010.0
762.0,29.0,54531.0,Other,Chennai,15.0,Finance,61.61829652125973,False,2023.0
763.0,27.0,28712.0,Male,Bangalore,1.0,Marketing,96.08294170801884,False,2007.0
764.0,49.0,85455.0,Male,Bangalore,9.0,Finance,90.28680234321502,False,2024.0
,33.0,94744.0,Female,Chennai,2.0,Marketing,69.67548149354043,True,2005.0
766.0,25.0,25109.0,Female,Pune,10.0,IT,9.664058416487142,False,2021.0
767.0,55.0,69268.0,,,10.0,Support,27.416403767230012,True,
768.0,29.0,74615.0,Other,Mumbai,12.0,Finance,32.005672688529096,True,2018.0
769.0,41.0,102503.0,Female,Bangalore,6.0,Marketing,76.31500577455613,True,2019.0
770.0,45.0,49759.0,Male,Chennai,16.0,Support,80.22491792351141,True,2019.0
771.0,,105708.0,Female,Mumbai,1.0,Finance,38.510612298992044,True,2023.0
772.0,,80112.0,Other,Mumbai,11.0,HR,41.78839966176097,True,2013.0
773.0,53.0,46589.0,Male,Pune,9.0,Marketing,4.450903927617134,False,2000.0
774.0,43.0,50015.0,Female,Delhi,17.0,HR,28.9136718418761,True,2009.0
775.0,25.0,49009.0,Other,Bangalore,10.0,,45.12851771776399,True,2015.0
776.0,67.0,103309.0,Female,,15.0,HR,11.698304638525759,True,2003.0
777.0,45.0,82046.0,Other,Delhi,16.0,HR,45.326746075502136,False,2010.0
778.0,45.0,46143.0,Other,Mumbai,18.0,Marketing,85.31758122578003,False,2015.0
779.0,54.0,26154.0,Male,Pune,17.0,IT,58.13210197250533,True,2019.0
780.0,58.0,41804.0,Other,Pune,2.0,,7.892985503841232,False,2000.0
781.0,,61688.0,Female,Bangalore,15.0,,19.167131883027434,True,2015.0
782.0,44.0,84288.0,Other,Pune,5.0,Finance,47.45443501585562,False,2018.0
783.0,34.0,71195.0,Other,Delhi,11.0,HR,36.148714982181204,True,2020.0
784.0,26.0,40581.0,Male,Mumbai,10.0,IT,35.87270195460987,False,
785.0,50.0,72648.0,Other,Delhi,14.0,HR,52.92674481435902,False,2008.0
,37.0,50087.0,Other,Chennai,14.0,Finance,58.43959215894574,False,2008.0
787.0,30.0,69930.0,Female,Bangalore,15.0,IT,79.6861570276191,True,2008.0
788.0,45.0,52981.0,Male,Pune,9.0,Marketing,34.096656346248466,True,2016.0
789.0,65.0,89298.0,Male,Chennai,11.0,IT,80.54662830405867,True,2011.0
790.0,46.0,66167.0,Male,Pune,12.0,Marketing,33.86112291126325,,2024.0
791.0,30.0,95304.0,Other,Mumbai,3.0,IT,5.543298894123383,False,2012.0
792.0,63.0,63408.0,Male,Mumbai,6.0,Finance,55.41876510047912,True,2007.0
793.0,52.0,59499.0,Other,Mumbai,1.0,Finance,58.790232489481454,False,2015.0
794.0,23.0,72269.0,Other,Pune,14.0,IT,93.454024562186,True,2017.0
795.0,35.0,58559.0,Female,Chennai,7.0,HR,72.60613260624744,True,2000.0
796.0,68.0,94319.0,Female,Mumbai,6.0,Finance,91.77726524944396,True,2000.0
797.0,22.0,115317.0,Female,Chennai,14.0,Marketing,90.83472102430096,True,2011.0
798.0,64.0,116347.0,Female,Pune,13.0,Marketing,60.457411025824214,False,2005.0
799.0,42.0,68787.0,Female,Chennai,7.0,Support,52.77620653364475,False,2008.0
800.0,19.0,55488.0,Other,Pune,,Marketing,,False,2022.0
801.0,27.0,94441.0,Other,Pune,12.0,Support,97.83308076772478,True,2004.0
802.0,47.0,94663.0,Male,Bangalore,10.0,IT,,False,2015.0
,67.0,42431.0,Other,Pune,16.0,IT,10.626590479239583,True,2017.0
804.0,,,Other,Pune,16.0,IT,77.84284067813999,True,2016.0
805.0,22.0,83483.0,Female,Delhi,3.0,HR,17.053804889822587,True,2017.0
806.0,50.0,69153.0,Other,Mumbai,7.0,HR,44.73505490056257,True,2000.0
807.0,18.0,26368.0,Female,Bangalore,4.0,Support,21.045967217653427,True,2018.0
808.0,35.0,47424.0,Male,Bangalore,,Marketing,68.95830655332298,True,2021.0
809.0,,65004.0,Male,Bangalore,3.0,Marketing,87.73097361930357,False,2007.0
810.0,64.0,103869.0,Other,Delhi,14.0,IT,29.036188536668096,False,2002.0
811.0,66.0,108652.0,Male,Pune,11.0,Finance,8.201074120818763,False,2024.0
812.0,28.0,76985.0,Other,Mumbai,4.0,HR,29.849309807496326,False,2004.0
813.0,38.0,70069.0,Male,Chennai,15.0,HR,67.23618579321943,True,2022.0
814.0,43.0,72326.0,Female,Pune,13.0,IT,32.876012755445,True,2007.0
815.0,42.0,101061.0,Female,Delhi,,HR,27.811216755380343,False,2018.0
816.0,39.0,43398.0,Female,Pune,6.0,IT,18.443519058426496,False,2017.0
817.0,44.0,118393.0,Female,Pune,12.0,Support,49.75164268744335,False,
818.0,66.0,70861.0,Other,Delhi,19.0,Marketing,27.59488281571876,False,2020.0
819.0,30.0,95897.0,Male,Bangalore,4.0,Finance,73.10103491394831,False,2000.0
820.0,50.0,101905.0,Other,Bangalore,2.0,Marketing,7.662240199220271,False,2014.0
821.0,51.0,88577.0,Female,Mumbai,14.0,Marketing,66.40330331113175,False,2017.0
822.0,58.0,85641.0,Other,Mumbai,3.0,Support,23.756001456776985,False,2024.0
823.0,52.0,29078.0,Male,Bangalore,14.0,HR,48.92792610516031,True,2006.0
824.0,18.0,45003.0,Other,Chennai,13.0,Finance,28.60899220312606,True,2015.0
825.0,38.0,82768.0,Male,Pune,19.0,HR,72.27686760107956,True,2015.0
826.0,65.0,71047.0,Other,Chennai,18.0,Marketing,94.53070402516367,True,2014.0
827.0,23.0,91626.0,Male,Pune,12.0,IT,91.70767794698132,False,2005.0
828.0,45.0,77660.0,Male,Bangalore,9.0,Marketing,,True,2008.0
829.0,34.0,69786.0,Female,Mumbai,4.0,HR,46.26103032569784,False,2006.0
830.0,22.0,21925.0,Male,Mumbai,19.0,Marketing,81.83005094393818,True,2013.0
831.0,48.0,103976.0,Female,Chennai,19.0,IT,68.332636262773,False,2010.0
832.0,22.0,46015.0,Female,Mumbai,5.0,Support,18.356411421693288,False,2020.0
833.0,55.0,53320.0,Female,Bangalore,3.0,HR,82.09192136130002,,2015.0
834.0,20.0,84881.0,Other,Chennai,1.0,Marketing,42.888438939471015,True,2024.0
835.0,40.0,110827.0,Other,Pune,15.0,HR,18.89856599711751,False,2005.0
836.0,54.0,46289.0,Other,Mumbai,17.0,Support,28.179735039649245,False,2021.0
837.0,54.0,23389.0,Other,Delhi,4.0,Marketing,26.752703024834233,False,2015.0
838.0,27.0,45683.0,Male,Mumbai,3.0,,51.92069746034601,True,2019.0
839.0,27.0,33629.0,Male,Pune,12.0,HR,23.43700906778755,True,2015.0
840.0,36.0,81550.0,Other,Chennai,18.0,HR,12.356648740157617,False,2011.0
841.0,34.0,44826.0,,Pune,1.0,IT,12.369085061376072,True,2016.0
842.0,38.0,46630.0,Male,Delhi,12.0,Support,58.32761971390966,False,2004.0
843.0,31.0,118762.0,Female,Bangalore,10.0,IT,73.47592888493786,True,2024.0
844.0,26.0,66163.0,Female,Mumbai,3.0,Marketing,32.15330088383408,True,2012.0
845.0,63.0,118511.0,Female,Chennai,19.0,HR,3.4650709814017078,True,2007.0
846.0,18.0,86435.0,Female,Bangalore,19.0,Marketing,12.722488693701074,,2023.0
847.0,68.0,31653.0,Male,Pune,14.0,Marketing,91.46945603370571,True,2004.0
848.0,62.0,47961.0,Other,Chennai,3.0,Finance,49.3543659589453,False,2011.0
849.0,30.0,101941.0,Male,Bangalore,8.0,Finance,45.357280961517475,,2008.0
850.0,21.0,94137.0,Male,Chennai,6.0,Marketing,3.8049178310090914,True,2002.0
851.0,18.0,53662.0,Male,Delhi,18.0,HR,72.86370223168991,,2002.0
852.0,,118818.0,Female,Delhi,18.0,Marketing,52.80680809320789,False,2000.0
853.0,57.0,76446.0,Female,Mumbai,5.0,,20.208093608652078,True,2024.0
854.0,49.0,41288.0,Female,Mumbai,5.0,HR,11.007376018105719,False,2021.0
855.0,51.0,115081.0,,Delhi,19.0,Marketing,38.33878636319985,True,2017.0
856.0,45.0,56877.0,Male,Chennai,14.0,Support,83.71619641950257,False,2023.0
857.0,48.0,35313.0,Other,Delhi,14.0,Support,86.52945592010245,False,2011.0
858.0,25.0,100885.0,Female,Mumbai,19.0,Marketing,60.284638039563646,False,2008.0
859.0,56.0,92715.0,Other,Delhi,,HR,72.75364272301427,False,2008.0
860.0,43.0,,Male,Delhi,,Marketing,11.515578740287037,,2017.0
861.0,51.0,21560.0,Male,Chennai,17.0,Marketing,,False,2017.0
862.0,20.0,99148.0,Female,Bangalore,17.0,Finance,66.69657034871818,False,2006.0
863.0,67.0,103186.0,Female,Mumbai,4.0,Support,20.07128429137922,True,2003.0
864.0,29.0,46745.0,Other,Chennai,,Finance,,True,2012.0
865.0,18.0,51890.0,Female,Delhi,10.0,Finance,19.499673752101977,True,2016.0
866.0,61.0,40022.0,Female,Delhi,4.0,Marketing,31.34773598464504,True,2023.0
867.0,22.0,,Male,Bangalore,3.0,Finance,62.05568470234586,False,2001.0
868.0,47.0,90316.0,Female,Mumbai,11.0,Support,63.835006513073075,False,2013.0
869.0,47.0,103847.0,Female,Mumbai,1.0,Finance,69.93847409873672,False,2002.0
870.0,34.0,48380.0,Male,Pune,,Support,11.201171306820568,True,2004.0
871.0,65.0,22356.0,Male,,,Finance,84.94644299285554,True,2013.0
,64.0,90326.0,Other,Bangalore,8.0,Support,53.284713228325984,True,2002.0
873.0,40.0,112447.0,Female,Pune,9.0,Finance,47.132179410506836,False,2022.0
874.0,32.0,109899.0,Male,Pune,6.0,Finance,98.10976245135096,True,2006.0
875.0,54.0,40049.0,Other,Delhi,3.0,HR,74.03782969410197,False,2017.0
876.0,38.0,95717.0,Other,Delhi,18.0,Support,,True,2012.0
877.0,31.0,36082.0,Female,Mumbai,9.0,Support,75.65391672262407,False,2022.0
878.0,19.0,20661.0,Female,Pune,2.0,Support,9.524893397286949,True,2021.0
879.0,28.0,57412.0,Other,Delhi,18.0,IT,2.7470562512984853,False,2009.0
880.0,68.0,22920.0,Male,Bangalore,1.0,Finance,,True,2024.0
881.0,56.0,111194.0,Other,Delhi,19.0,Support,99.35781728192187,True,2012.0
882.0,55.0,80315.0,Female,Delhi,9.0,IT,17.488393619486263,False,2015.0
883.0,51.0,99561.0,Male,Pune,1.0,HR,67.264434352679,False,2008.0
884.0,55.0,28946.0,Male,Pune,1.0,Support,17.339606620611935,True,2001.0
885.0,67.0,114242.0,Other,Chennai,16.0,Support,72.4786974958386,False,2022.0
886.0,51.0,65500.0,Female,Bangalore,15.0,IT,50.53536682378261,True,2004.0
887.0,35.0,36309.0,Other,Pune,15.0,Finance,67.99717100893763,,2021.0
888.0,,75230.0,Other,,13.0,HR,20.28731759142346,True,2016.0
889.0,32.0,118656.0,Other,Bangalore,6.0,Support,74.5628332520502,False,2022.0
890.0,44.0,50027.0,Male,Bangalore,10.0,Finance,99.56190596227067,True,2021.0
891.0,68.0,92541.0,Male,Pune,0.0,HR,66.56505006259597,True,2003.0
892.0,51.0,79321.0,Female,Bangalore,10.0,,49.34799980728777,True,2016.0
893.0,69.0,20956.0,Female,Pune,3.0,Marketing,92.31739886192648,False,2008.0
,55.0,94131.0,Other,Delhi,6.0,HR,1.58518422318763,True,2019.0
895.0,50.0,67908.0,Other,Chennai,14.0,IT,72.99235192858211,False,2001.0
896.0,41.0,,Other,Delhi,17.0,HR,88.8746516813813,False,2023.0
897.0,32.0,45963.0,,Pune,11.0,HR,,False,2017.0
,47.0,59443.0,Male,Pune,16.0,IT,45.006417041575816,True,2020.0
899.0,59.0,119259.0,Male,Delhi,,IT,20.471945394999892,False,2021.0
900.0,68.0,59063.0,Other,Mumbai,10.0,Finance,56.65181655878301,False,2010.0
901.0,34.0,100818.0,Other,,0.0,Finance,64.95429586036605,False,2012.0
902.0,22.0,24703.0,Other,Mumbai,14.0,IT,30.262318292875502,True,2007.0
903.0,46.0,85128.0,Other,Pune,9.0,Marketing,45.998166967810086,False,2000.0
904.0,21.0,92099.0,Female,Bangalore,6.0,Marketing,27.93394852765595,False,2016.0
905.0,27.0,45849.0,Male,Pune,1.0,HR,36.939116445511374,False,2011.0
906.0,34.0,51860.0,Other,Bangalore,9.0,Support,15.953995668842358,False,2003.0
907.0,27.0,51585.0,Female,Delhi,3.0,HR,88.55594435856314,,2020.0
908.0,34.0,42015.0,Other,Chennai,11.0,HR,1.001041055913643,True,2012.0
909.0,37.0,97539.0,Other,Bangalore,18.0,Support,88.24091864437885,False,2008.0
910.0,41.0,63585.0,Male,Mumbai,10.0,IT,57.167887834973854,False,2006.0
911.0,22.0,46958.0,Other,Pune,7.0,Marketing,33.16578441770175,False,2022.0
912.0,51.0,46017.0,Male,Delhi,17.0,HR,72.30571254603298,False,2023.0
913.0,23.0,96707.0,Male,Mumbai,10.0,,50.77521518626643,True,2004.0
914.0,19.0,65350.0,Male,Delhi,10.0,Finance,49.910865810760654,True,2004.0
915.0,30.0,32201.0,Female,Chennai,12.0,HR,11.014228291896643,True,2016.0
916.0,60.0,49426.0,Female,Pune,2.0,Marketing,38.951602594540866,True,2008.0
917.0,60.0,37778.0,Male,Pune,11.0,IT,24.106434585673664,False,2005.0
918.0,65.0,65241.0,Other,Chennai,2.0,HR,1.5695905596279647,False,2024.0
919.0,28.0,62229.0,Male,Pune,9.0,HR,,True,2018.0
920.0,68.0,106652.0,Other,Bangalore,16.0,Support,8.982212942560475,True,2015.0
921.0,64.0,68364.0,Male,Delhi,1.0,Finance,25.68300377251852,False,2020.0
,40.0,118833.0,,Mumbai,16.0,Finance,9.251662118309445,False,2001.0
923.0,33.0,104878.0,Female,Chennai,15.0,IT,10.094162555639885,False,2009.0
924.0,48.0,77056.0,Other,Bangalore,1.0,Marketing,19.901129441518826,False,2015.0
925.0,28.0,47490.0,Male,Mumbai,19.0,IT,99.98492444864002,False,2004.0
926.0,33.0,39975.0,,Mumbai,5.0,HR,0.2184142857248772,True,2014.0
927.0,25.0,46723.0,Other,Chennai,9.0,,63.867263612040524,True,2012.0
928.0,,43279.0,Other,Bangalore,9.0,Finance,14.124369802655734,False,2012.0
929.0,57.0,98301.0,Other,Mumbai,7.0,Marketing,92.06281367107758,False,2012.0
930.0,21.0,31561.0,Other,Mumbai,0.0,Support,9.363289333362923,,2014.0
931.0,42.0,86061.0,,Bangalore,12.0,Marketing,95.50631871262365,False,2013.0
932.0,20.0,108397.0,Female,Pune,8.0,HR,61.092638748347795,True,2007.0
933.0,49.0,69153.0,Female,Mumbai,9.0,,0.1268076915490246,True,
934.0,20.0,53142.0,Female,Delhi,14.0,Marketing,89.4007197916806,True,2017.0
935.0,44.0,46916.0,Female,Bangalore,4.0,Marketing,52.17118013669183,True,2023.0
936.0,46.0,84324.0,Male,,15.0,Support,26.266973533048454,False,2003.0
937.0,49.0,64965.0,Female,,12.0,HR,76.72791775156301,False,2009.0
,67.0,24648.0,Other,Delhi,19.0,Marketing,92.666555388687,True,2000.0
939.0,68.0,55133.0,Other,Mumbai,17.0,Support,48.36908231467939,False,
940.0,36.0,70677.0,Female,Delhi,10.0,HR,31.55534744431109,False,2012.0
941.0,38.0,116059.0,Other,,8.0,Support,78.89451239349268,False,2000.0
942.0,22.0,114588.0,Female,Pune,15.0,Support,68.17854977884546,False,2022.0
943.0,,119950.0,Other,Delhi,1.0,Marketing,88.87524837502724,True,2007.0
944.0,,118317.0,Male,Pune,1.0,HR,69.2514012761193,False,2002.0
945.0,59.0,90135.0,Male,Bangalore,11.0,Marketing,24.35283388995363,True,2002.0
946.0,39.0,55046.0,Female,Pune,7.0,IT,93.1659249759019,True,2006.0
947.0,38.0,67064.0,Female,Chennai,8.0,IT,10.483574720599131,False,2003.0
948.0,,89350.0,Female,Mumbai,11.0,HR,26.794275010684785,True,2002.0
949.0,18.0,65893.0,Other,Bangalore,8.0,Support,52.01946077238856,False,2014.0
950.0,22.0,81272.0,Female,Bangalore,9.0,Marketing,56.57420260709014,False,2007.0
951.0,58.0,112152.0,Male,Chennai,1.0,Marketing,1.5310586626905431,True,2002.0
952.0,29.0,87649.0,Other,Pune,15.0,HR,78.057272582094,False,2006.0
953.0,43.0,84674.0,Female,Mumbai,19.0,HR,36.16073184253895,True,2017.0
,63.0,33760.0,,Pune,6.0,IT,40.641854100213784,True,2010.0
955.0,51.0,41927.0,Other,Delhi,1.0,Finance,80.93695444369457,False,2010.0
956.0,66.0,106475.0,Female,Pune,0.0,HR,37.928339172754455,False,2016.0
957.0,31.0,81367.0,Other,Bangalore,18.0,Finance,4.722487649475482,False,2005.0
958.0,43.0,117955.0,Male,Mumbai,3.0,HR,,True,2007.0
959.0,62.0,32588.0,Male,Pune,1.0,Support,95.59031723881823,False,2000.0
960.0,44.0,72233.0,Other,Mumbai,13.0,Support,7.0405362402514164,True,2009.0
961.0,26.0,64738.0,Female,Mumbai,1.0,IT,35.493120096801626,True,2024.0
962.0,,53397.0,Other,Delhi,14.0,IT,50.31791670513446,False,2018.0
963.0,64.0,102189.0,Male,Delhi,11.0,Finance,49.32808273385601,False,2002.0
964.0,39.0,96367.0,Other,Bangalore,4.0,HR,0.39599430121427526,False,2003.0
,64.0,91260.0,Other,Chennai,19.0,Marketing,50.116273145749034,True,2010.0
966.0,47.0,96619.0,Male,Mumbai,6.0,IT,38.37724579774092,False,2014.0
,60.0,39816.0,Other,Chennai,9.0,Marketing,,True,2000.0
968.0,65.0,62240.0,Other,Bangalore,13.0,Marketing,15.915908399382984,False,2008.0
969.0,34.0,26276.0,Female,Mumbai,13.0,HR,35.4154196759495,False,2010.0
970.0,43.0,99530.0,Female,,4.0,Finance,41.94814850898197,True,2018.0
971.0,53.0,43499.0,Male,Chennai,17.0,HR,39.06935371009488,True,2012.0
972.0,18.0,108576.0,Male,Pune,13.0,IT,66.58308276518625,False,2015.0
973.0,25.0,102495.0,Male,Delhi,1.0,Marketing,21.551285754776885,False,2003.0
974.0,66.0,91635.0,Female,Pune,11.0,HR,22.107155281399184,False,2000.0
975.0,52.0,105112.0,Male,Chennai,5.0,HR,72.92109485008531,False,2019.0
976.0,69.0,55946.0,Male,Delhi,3.0,HR,50.02905186781796,False,2012.0
977.0,32.0,75204.0,Male,Pune,12.0,IT,41.51556760573104,,2000.0
978.0,64.0,71886.0,Female,Delhi,3.0,Finance,16.920305167725182,True,2004.0
,39.0,91652.0,Other,Mumbai,13.0,HR,18.75272229121666,True,2004.0
980.0,31.0,35563.0,Male,Pune,15.0,IT,1.0551636815900545,True,2013.0
981.0,43.0,112324.0,Other,Delhi,3.0,Marketing,9.142626886170923,False,2022.0
982.0,45.0,112464.0,Male,Delhi,0.0,Support,55.6838694690241,True,
983.0,40.0,29847.0,Other,Delhi,12.0,IT,89.18731300084099,True,2007.0
984.0,31.0,46155.0,Female,,3.0,Support,28.716476513055746,True,2003.0
985.0,41.0,99671.0,Female,Bangalore,,HR,32.774722589612814,False,2006.0
986.0,19.0,103310.0,Male,Pune,17.0,HR,11.560561061151219,True,2019.0
987.0,62.0,87278.0,Other,Chennai,5.0,IT,38.86309456071027,False,2018.0
988.0,43.0,38309.0,Female,Pune,2.0,Support,3.722170456932916,True,2014.0
989.0,31.0,20619.0,Male,Delhi,12.0,HR,91.76006962619002,False,
990.0,68.0,103194.0,Male,Mumbai,15.0,Marketing,67.31113481245286,True,2003.0
991.0,24.0,70108.0,Female,Pune,4.0,,99.07488093932189,False,2018.0
992.0,20.0,54707.0,Female,Pune,3.0,,88.28231626784937,True,2008.0
993.0,64.0,40337.0,Male,Delhi,7.0,HR,47.29905936981527,False,2020.0
994.0,40.0,101537.0,Other,Mumbai,18.0,Support,51.96850311503769,False,2012.0
995.0,63.0,86504.0,Other,Mumbai,13.0,HR,19.057604651719384,True,2013.0
996.0,60.0,67614.0,Other,Chennai,6.0,Support,46.20393428395556,False,2022.0
997.0,64.0,111428.0,Male,Pune,13.0,Marketing,90.30278734928116,False,2013.0
998.0,62.0,111155.0,Female,Mumbai,5.0,Support,5.085342363582113,True,2021.0
999.0,35.0,20281.0,Male,Mumbai,11.0,HR,86.35568029983098,,2009.0
1000.0,55.0,47420.0,Female,Bangalore,15.0,Marketing,34.094780164260975,,
1001.0,52.0,100896.0,Other,Bangalore,16.0,IT,89.95127650963099,True,2004.0
1002.0,68.0,59030.0,Other,Mumbai,12.0,Finance,94.08799063414847,True,2022.0
1003.0,32.0,21058.0,Female,Chennai,13.0,HR,67.0864887001906,True,
1004.0,42.0,106213.0,Female,Mumbai,,HR,66.44237865926779,False,2001.0
1005.0,54.0,96260.0,Male,Delhi,13.0,HR,45.27543377087401,False,2012.0
1006.0,45.0,,Other,,14.0,Marketing,83.55402245437075,False,2012.0
1007.0,27.0,49856.0,Male,Chennai,11.0,IT,96.16127584332833,False,2018.0
1008.0,,,Male,Delhi,16.0,,77.50818003391193,False,2017.0
1009.0,34.0,84178.0,Male,Chennai,8.0,IT,62.19367337567092,False,2018.0
1010.0,56.0,53997.0,,Delhi,14.0,Marketing,60.67928958213368,False,2000.0
1011.0,39.0,45611.0,Male,Pune,11.0,HR,84.94699015836623,,2007.0
1012.0,43.0,61235.0,Male,Pune,1.0,Finance,54.12037657712984,False,2021.0
,61.0,55057.0,Male,Bangalore,4.0,HR,80.38598862488226,False,2015.0
1014.0,42.0,21239.0,,Delhi,12.0,Support,50.888525517424576,True,
1015.0,34.0,85661.0,,,19.0,Finance,,True,
1016.0,30.0,65272.0,Male,Delhi,7.0,HR,38.39470089041552,True,2005.0
1017.0,37.0,109393.0,Other,Bangalore,13.0,,44.444095767149875,False,2015.0
1018.0,42.0,81212.0,Male,Pune,14.0,IT,14.161724498661721,True,2022.0
1019.0,21.0,35398.0,Female,Chennai,10.0,Marketing,10.24963291892128,False,2010.0
1020.0,27.0,76503.0,Male,Bangalore,0.0,HR,53.546494965695416,False,2016.0
1021.0,20.0,26638.0,Male,Delhi,,Support,8.514363655608214,False,2022.0
1022.0,58.0,26570.0,Other,Delhi,16.0,IT,30.294516789008398,True,2018.0
1023.0,,88785.0,Other,Pune,,HR,,True,2010.0
1024.0,35.0,29110.0,Female,Delhi,13.0,IT,96.44321795679808,False,2007.0
1025.0,64.0,99141.0,Female,Mumbai,7.0,Support,71.78705805519286,False,2021.0
1026.0,53.0,32115.0,Other,Chennai,12.0,HR,99.26255484528703,False,2003.0
1027.0,64.0,59062.0,Other,Bangalore,19.0,Support,69.83379712794027,,2010.0
1028.0,39.0,42911.0,Male,Chennai,,Finance,29.37944706543275,False,2007.0
1029.0,51.0,52556.0,Other,Pune,4.0,Support,67.20525405053618,True,2008.0
1030.0,64.0,98131.0,Female,Bangalore,8.0,Finance,70.21567651969039,False,2001.0
1031.0,25.0,,Male,,5.0,HR,37.17269846164606,True,
1032.0,57.0,63753.0,Female,Mumbai,1.0,Finance,1.7713850609389015,False,2005.0
1033.0,66.0,102811.0,Male,Pune,12.0,HR,70.31997847754869,True,2020.0
1034.0,61.0,24470.0,Other,Delhi,4.0,HR,2.170009527554162,True,2020.0
1035.0,36.0,30225.0,Female,Mumbai,7.0,,63.11880780600711,True,2018.0
1036.0,59.0,43196.0,Male,Mumbai,0.0,,16.361648874255508,True,2007.0
1037.0,58.0,33669.0,Male,Chennai,19.0,Finance,56.560352774804336,True,2013.0
1038.0,54.0,57380.0,,Chennai,11.0,Marketing,50.39130253806,True,2023.0
1039.0,23.0,68320.0,Other,Chennai,,Marketing,1.3513642306182572,False,2015.0
1040.0,69.0,67414.0,Other,Mumbai,6.0,HR,36.28658169951034,False,2011.0
1041.0,43.0,35577.0,Female,Delhi,14.0,Support,60.109116739630274,False,2004.0
1042.0,51.0,108009.0,Male,Bangalore,10.0,Support,84.86065518987797,False,2023.0
1043.0,62.0,75409.0,Other,Chennai,15.0,Marketing,88.86421138365172,True,2023.0
,23.0,48625.0,Female,Delhi,2.0,,48.384997003322326,False,2018.0
1045.0,54.0,101040.0,Female,Pune,19.0,Support,72.84224872994382,True,2017.0
1046.0,50.0,44089.0,Female,Chennai,13.0,HR,31.645457653345765,True,
1047.0,39.0,56487.0,Other,Bangalore,2.0,HR,34.21864057586574,True,2001.0
1048.0,38.0,85838.0,Other,Pune,0.0,Marketing,19.446351918231375,False,2024.0
1049.0,23.0,116999.0,Male,,14.0,Marketing,56.19481099932393,True,2019.0
1050.0,23.0,114795.0,Male,Bangalore,0.0,IT,31.456415092736524,False,2011.0
1051.0,65.0,70138.0,Other,Chennai,16.0,Support,8.437089643850504,False,2001.0
1052.0,21.0,62823.0,Female,Mumbai,1.0,Support,68.50060866631787,False,2009.0
1053.0,47.0,,Female,Bangalore,19.0,Support,70.77532076053981,False,2000.0
1054.0,28.0,74061.0,Female,Bangalore,5.0,Finance,35.99924187790579,,2003.0
1055.0,47.0,50659.0,Male,Bangalore,7.0,HR,7.67233994560228,True,2024.0
1056.0,,51890.0,Female,Pune,15.0,Marketing,42.62977174034259,True,2011.0
1057.0,41.0,99134.0,Male,Delhi,18.0,Support,44.23354580502155,False,2008.0
1058.0,26.0,,Male,Mumbai,0.0,IT,66.8670884897893,True,2003.0
1059.0,20.0,,Female,Chennai,2.0,Support,,False,2008.0
1060.0,68.0,62287.0,Female,Chennai,2.0,HR,68.25992797813055,True,2005.0
,48.0,98916.0,Other,Delhi,4.0,HR,87.14885417573883,True,2000.0
1062.0,57.0,,Other,Bangalore,11.0,Marketing,23.748604236219983,True,2009.0
1063.0,54.0,28125.0,Female,Mumbai,11.0,Finance,97.89195561198997,True,2013.0
1064.0,53.0,56059.0,Male,Chennai,19.0,Marketing,38.636813713680695,True,2021.0
1065.0,41.0,89569.0,Male,Chennai,12.0,Support,26.725868514706175,True,2024.0
1066.0,48.0,37087.0,Male,Bangalore,,IT,42.151118251029054,True,2017.0
1067.0,23.0,25704.0,Male,Delhi,8.0,Marketing,9.439747590385917,True,2005.0
1068.0,19.0,80576.0,Male,Mumbai,6.0,Finance,12.570590651211566,True,2017.0
1069.0,37.0,93384.0,Other,Delhi,3.0,Marketing,41.44340469683314,True,2019.0
1070.0,45.0,107128.0,Female,Delhi,18.0,,76.24445219391,True,2015.0
1071.0,28.0,92460.0,Other,Mumbai,18.0,Support,90.03122395744909,True,2014.0
1072.0,21.0,47208.0,Male,Mumbai,5.0,Support,66.4817990716271,True,2015.0
1073.0,32.0,105150.0,Male,Chennai,12.0,Support,10.521955523816972,False,2007.0
1074.0,23.0,86024.0,Male,Chennai,10.0,Support,67.2019762180535,True,2012.0
1075.0,66.0,59882.0,Male,Mumbai,12.0,Support,63.542792070297196,True,2022.0
1076.0,47.0,45923.0,Female,Pune,12.0,Support,,True,2010.0
1077.0,55.0,49165.0,Male,Chennai,19.0,IT,82.52486666521808,True,2024.0
1078.0,68.0,87203.0,Female,Pune,14.0,Finance,86.82030757789789,True,2006.0
,19.0,111749.0,Male,Mumbai,12.0,Support,41.413151457909834,True,2016.0
1080.0,,24114.0,Female,Chennai,10.0,,69.78643953521443,False,2017.0
1081.0,28.0,84965.0,Other,Delhi,18.0,Support,26.825035892231075,False,2021.0
1082.0,25.0,56321.0,Male,Mumbai,7.0,Marketing,99.93362799835043,False,
1083.0,43.0,93297.0,Female,Bangalore,19.0,Support,17.533424137685994,True,2018.0
1084.0,68.0,116652.0,Other,Pune,7.0,HR,1.011443166083581,True,2024.0
1085.0,62.0,119304.0,Male,,9.0,IT,14.880871451817601,True,2012.0
1086.0,61.0,45426.0,Male,Mumbai,,Marketing,77.58722895441267,False,2014.0
1087.0,22.0,37772.0,Male,Chennai,18.0,Marketing,44.67836765082115,True,2022.0
1088.0,23.0,23712.0,,Chennai,10.0,HR,44.75002478104283,True,2021.0
1089.0,43.0,21367.0,Female,Chennai,12.0,Support,95.50229196116685,False,2021.0
1090.0,21.0,111736.0,Other,Bangalore,8.0,IT,91.96349080280743,False,2000.0
1091.0,36.0,71924.0,Female,Chennai,19.0,,31.11947378040092,True,2015.0
1092.0,37.0,23726.0,Female,Mumbai,,IT,20.905812878086614,True,2004.0
1093.0,50.0,109152.0,Male,Chennai,15.0,Marketing,84.84822099337397,True,2002.0
1094.0,37.0,47723.0,Male,Delhi,6.0,Support,90.60190710443632,True,2022.0
1095.0,66.0,29108.0,Male,Chennai,18.0,Marketing,54.15969227984869,False,2009.0
1096.0,,97714.0,Male,Bangalore,11.0,Marketing,62.94237111171005,True,2018.0
1097.0,64.0,55643.0,Male,Delhi,14.0,Finance,25.691428469229336,True,2004.0
1098.0,18.0,51324.0,Male,Mumbai,13.0,Support,80.08026879785245,False,2006.0
1099.0,43.0,103360.0,Male,Mumbai,10.0,HR,63.21224284490231,True,2013.0
1100.0,31.0,28927.0,Other,Pune,9.0,HR,50.35135112979966,True,2002.0
1101.0,55.0,113680.0,Other,Delhi,10.0,Support,6.0108556078395825,False,2012.0
1102.0,54.0,116546.0,Other,Pune,5.0,HR,91.59349625111537,False,2012.0
1103.0,28.0,42443.0,Other,Delhi,1.0,Support,61.5451420384406,True,2009.0
1104.0,53.0,99973.0,Male,Delhi,10.0,HR,19.269109469296797,False,2001.0
1105.0,30.0,83449.0,Other,Bangalore,18.0,Finance,60.638611698305276,False,2005.0
1106.0,60.0,96743.0,Male,Pune,5.0,HR,67.74633542399734,True,2007.0
1107.0,20.0,80233.0,Other,Bangalore,13.0,,52.57703366832255,,2003.0
1108.0,50.0,45537.0,Female,Delhi,19.0,Support,71.81017379560225,True,
1109.0,23.0,97576.0,Other,Mumbai,5.0,IT,58.145394792862426,True,2011.0
1110.0,67.0,42612.0,Other,Delhi,16.0,IT,94.77695820321482,True,2014.0
1111.0,27.0,113977.0,Male,Bangalore,9.0,Support,5.369707859930683,True,2007.0
1112.0,22.0,26471.0,Other,Pune,0.0,Finance,10.62457084695605,False,2006.0
1113.0,40.0,55631.0,Female,Pune,2.0,HR,17.367163695433984,True,2013.0
1114.0,27.0,112059.0,Male,Bangalore,7.0,Finance,,True,2022.0
1115.0,61.0,51348.0,Male,Pune,7.0,IT,64.55958727498087,True,2018.0
1116.0,19.0,84732.0,Other,,19.0,Support,89.2058860209694,True,2013.0
1117.0,30.0,21177.0,Male,Mumbai,14.0,Support,73.28774528838984,False,2021.0
1118.0,,24760.0,Male,Mumbai,6.0,Finance,50.835548756459225,False,2012.0
1119.0,19.0,52779.0,Male,Mumbai,10.0,Finance,99.18317924636303,False,2020.0
1120.0,37.0,41636.0,Male,Pune,6.0,HR,26.610795616929916,True,2000.0
1121.0,18.0,101889.0,Male,Pune,3.0,Marketing,83.3191659785454,False,2018.0
1122.0,54.0,73551.0,Male,Delhi,11.0,Marketing,42.67903721939194,False,2000.0
1123.0,26.0,31556.0,Female,Delhi,5.0,HR,64.87351388757342,True,2003.0
1124.0,34.0,47598.0,Other,Mumbai,13.0,Marketing,72.7268470452434,False,2009.0
1125.0,26.0,31563.0,Female,Chennai,,IT,63.37540871903363,True,2002.0
,28.0,66819.0,Male,Delhi,10.0,Marketing,14.050730310859327,False,2019.0
1127.0,32.0,93770.0,Male,Delhi,18.0,HR,44.29510107479327,False,2008.0
1128.0,41.0,111055.0,Other,Pune,4.0,Marketing,56.143837793312436,,2002.0
1129.0,55.0,46966.0,Female,Chennai,13.0,Support,84.90437591785968,False,2005.0
1130.0,52.0,101709.0,Other,Mumbai,15.0,Finance,44.36457487985723,True,2005.0
1131.0,47.0,79889.0,Female,Delhi,12.0,IT,91.87473048042514,True,2022.0
1132.0,48.0,46987.0,Male,Chennai,19.0,Support,44.037422302521065,False,2024.0
1133.0,66.0,98714.0,Other,Chennai,3.0,Support,54.877985926301164,True,2011.0
1134.0,22.0,78348.0,Other,Mumbai,10.0,HR,79.6285682942801,False,2022.0
1135.0,61.0,44596.0,Male,Chennai,16.0,,58.30676844221436,False,2000.0
1136.0,67.0,53174.0,Other,Chennai,6.0,Finance,96.02180723828246,False,2015.0
1137.0,31.0,84106.0,Female,Chennai,13.0,IT,66.03358305141276,False,2023.0
1138.0,28.0,89967.0,Female,Delhi,10.0,HR,52.270945406760106,False,2004.0
1139.0,26.0,79182.0,Female,Mumbai,8.0,,2.3591967780795864,False,2008.0
1140.0,51.0,113300.0,Female,Chennai,12.0,Marketing,41.37328975803298,True,2009.0
1141.0,29.0,107163.0,Male,Chennai,17.0,Support,29.924841926016043,True,2012.0
1142.0,52.0,59310.0,Other,Delhi,10.0,IT,74.81056678874893,False,2014.0
1143.0,52.0,76088.0,Female,Mumbai,14.0,Support,20.82776751535458,True,2011.0
1144.0,18.0,28906.0,Male,Pune,18.0,HR,20.522008729407183,False,2004.0
,,56914.0,Other,Delhi,0.0,,18.95190432373768,True,2004.0
1146.0,39.0,65379.0,Other,Mumbai,3.0,HR,12.561561315623592,True,2017.0
1147.0,46.0,98612.0,Male,Chennai,13.0,Marketing,31.10070036708874,True,2011.0
1148.0,25.0,57650.0,Male,Mumbai,13.0,Marketing,88.59221144434251,False,2002.0
1149.0,28.0,66881.0,Female,Mumbai,2.0,Support,77.4928472305955,True,2024.0
1150.0,58.0,66413.0,Other,Mumbai,16.0,HR,73.52512163067935,False,2006.0
1151.0,54.0,,Other,Pune,2.0,HR,79.73368056499626,False,2016.0
1152.0,31.0,,Male,Mumbai,15.0,IT,26.941788932957166,False,2018.0
1153.0,47.0,27151.0,Other,Pune,13.0,HR,88.74416907524878,True,2017.0
1154.0,52.0,77716.0,Female,Chennai,19.0,IT,13.73033751416044,True,2000.0
1155.0,38.0,113747.0,Other,Pune,12.0,Finance,,True,2024.0
1156.0,54.0,112653.0,Male,Chennai,14.0,Finance,58.67481189673429,False,2023.0
1157.0,,56378.0,Male,Chennai,13.0,Finance,10.290508834200063,False,2004.0
1158.0,36.0,62652.0,,Pune,18.0,HR,73.01301877764249,True,2001.0
1159.0,31.0,92430.0,Female,Delhi,5.0,HR,38.724604820347494,False,2000.0
1160.0,43.0,33467.0,Other,Bangalore,9.0,IT,78.44056656084001,,2006.0
1161.0,21.0,51010.0,Other,Mumbai,14.0,Marketing,49.28962855846027,True,2010.0
1162.0,42.0,74691.0,Male,Bangalore,19.0,IT,18.087452442533635,True,2010.0
1163.0,62.0,84157.0,Female,Mumbai,,,73.47618113553443,,2017.0
1164.0,59.0,32289.0,Female,Mumbai,9.0,IT,25.214395583894355,False,
1165.0,42.0,64976.0,Female,Chennai,,Marketing,49.08103012680428,True,2001.0
1166.0,35.0,63596.0,Other,Mumbai,16.0,HR,7.553326915690761,True,
1167.0,57.0,43171.0,Female,Mumbai,17.0,IT,61.78666544120367,True,2006.0
1168.0,25.0,106365.0,Male,Pune,16.0,Finance,66.58577662162773,True,2009.0
1169.0,56.0,119590.0,Male,Bangalore,8.0,Finance,37.86742099727836,True,2021.0
1170.0,57.0,64139.0,Other,Pune,9.0,HR,95.44227803210738,True,2020.0
1171.0,31.0,68713.0,Other,Mumbai,9.0,IT,87.41689214820684,True,2002.0
1172.0,49.0,49734.0,Female,Chennai,6.0,Marketing,70.79409157399948,False,2011.0
1173.0,68.0,92588.0,Other,Pune,15.0,HR,71.36520744937427,False,2002.0
1174.0,55.0,83646.0,Male,Pune,17.0,IT,25.240171494215126,False,2010.0
1175.0,50.0,23654.0,Female,Delhi,5.0,Support,65.6815231088449,False,2011.0
1176.0,40.0,109022.0,Male,,19.0,,,True,2024.0
1177.0,32.0,38743.0,Female,Chennai,0.0,Marketing,14.400322391982211,False,2003.0
1178.0,50.0,68368.0,Other,Pune,0.0,Marketing,99.94678942025801,False,2024.0
1179.0,42.0,110025.0,Female,Pune,11.0,Marketing,62.23759314731742,False,2015.0
1180.0,34.0,,Female,Chennai,1.0,Finance,43.098787265719054,True,2019.0
,50.0,26441.0,Male,Mumbai,3.0,IT,28.816452288395134,False,2017.0
1182.0,64.0,44611.0,Male,Delhi,16.0,HR,60.39204436622274,False,2003.0
1183.0,19.0,32149.0,Female,Pune,3.0,IT,4.959350822008613,True,2021.0
1184.0,31.0,79189.0,Other,Delhi,10.0,HR,9.468099050479506,False,2005.0
1185.0,57.0,41675.0,Other,Bangalore,3.0,Marketing,3.2856697740396346,True,2020.0
1186.0,57.0,91031.0,Male,,0.0,IT,49.91698332626618,False,2014.0
1187.0,68.0,62668.0,Other,Bangalore,6.0,Marketing,60.06066291871826,True,2000.0
1188.0,56.0,33673.0,Male,Bangalore,17.0,Support,6.2479761357820855,False,
1189.0,68.0,96666.0,Other,Bangalore,8.0,Marketing,72.12244674989165,False,2004.0
1190.0,23.0,108204.0,Female,Mumbai,2.0,Marketing,23.03950715145644,False,2021.0
1191.0,23.0,100758.0,Male,Mumbai,7.0,HR,68.5201453769866,True,2016.0
1192.0,20.0,85429.0,Male,Chennai,18.0,Support,98.18971400352456,False,
1193.0,24.0,43669.0,Female,Delhi,3.0,Marketing,69.11058700538511,True,2008.0
1194.0,68.0,54068.0,Male,Delhi,17.0,,88.31930529236085,True,2002.0
1195.0,25.0,108789.0,Other,Chennai,19.0,Support,94.81985067430674,True,2012.0
1196.0,59.0,29435.0,Other,Chennai,10.0,Support,48.67510483523155,True,
1197.0,69.0,114088.0,Male,Bangalore,13.0,IT,70.23249794197068,False,2010.0
1198.0,32.0,72249.0,Other,Chennai,17.0,HR,85.19692535558417,False,2001.0
1199.0,64.0,57384.0,Male,Pune,15.0,Support,35.66089128743861,False,2023.0
1200.0,46.0,101929.0,Female,Delhi,2.0,Support,26.139731656039487,True,2014.0
1179.0,42.0,110025.0,Female,Pune,11.0,Marketing,62.23759314731742,False,2015.0
866.0,61.0,40022.0,Female,Delhi,4.0,Marketing,31.34773598464504,True,2023.0
102.0,18.0,28577.0,Male,,17.0,,1.366168547060942,True,2008.0
440.0,68.0,94859.0,Male,Bangalore,0.0,IT,94.7299999420067,True,2000.0
59.0,24.0,59915.0,Female,Chennai,11.0,Finance,44.75518551060619,True,2006.0
1121.0,18.0,101889.0,Male,Pune,3.0,Marketing,83.3191659785454,False,2018.0
324.0,,51987.0,Male,Mumbai,15.0,Support,93.14789925966807,True,2024.0
975.0,52.0,105112.0,Male,Chennai,5.0,HR,72.92109485008531,False,2019.0
412.0,59.0,37850.0,Female,Bangalore,0.0,Finance,21.772889968293352,True,2022.0
856.0,45.0,56877.0,Male,Chennai,14.0,Support,83.71619641950257,False,2023.0
821.0,51.0,88577.0,Female,Mumbai,14.0,Marketing,66.40330331113175,False,2017.0
45.0,38.0,20814.0,Other,Mumbai,7.0,Marketing,5.723669351680938,True,2011.0
,42.0,95916.0,Female,Mumbai,11.0,Marketing,26.27209435613028,True,2009.0
850.0,21.0,94137.0,Male,Chennai,6.0,Marketing,3.8049178310090914,True,2002.0
241.0,49.0,39063.0,Male,Delhi,9.0,Support,,True,2023.0
171.0,46.0,68770.0,Female,Delhi,8.0,IT,81.47936675236586,True,2001.0
524.0,33.0,66600.0,Other,Bangalore,11.0,,67.8887337188785,False,2018.0
766.0,25.0,25109.0,Female,Pune,10.0,IT,9.664058416487142,False,2021.0
839.0,27.0,33629.0,Male,Pune,12.0,HR,23.43700906778755,True,2015.0
424.0,43.0,22983.0,Other,Bangalore,11.0,Finance,57.39291361229822,False,2004.0
