country_Australia,country_China,country_India,country_Other,year,ev_sales,ev_market_share,urban_population_percent
0.0,0.0,0.0,1.0,2018.0,11922.0,2.61,81.4
0.0,0.0,0.0,1.0,2010.0,170.0,0.06,83.0
0.0,0.0,0.0,1.0,2012.0,24.0,0.01,68.4
0.0,0.0,0.0,1.0,2024.0,24008.0,8.66,81.3
0.0,0.0,0.0,1.0,2017.0,157.0,0.47,64.5
1.0,0.0,0.0,0.0,2013.0,242.0,0.09,89.6
0.0,0.0,0.0,1.0,2024.0,1517.0,0.98,58.8
0.0,0.0,0.0,1.0,2021.0,6335.0,13.99,88.6
0.0,0.0,0.0,1.0,2020.0,719.0,0.36,51.5
0.0,1.0,0.0,0.0,2018.0,57050.0,1.42,59.1
0.0,0.0,0.0,1.0,2023.0,144839.0,31.57,84.5
0.0,0.0,0.0,1.0,2012.0,78.0,0.1,57.6
0.0,0.0,0.0,1.0,2018.0,1500.0,2.63,87.0
0.0,0.0,0.0,1.0,2025.0,176462.0,36.67,84.9
0.0,0.0,0.0,1.0,2012.0,12.0,0.03,57.6
0.0,0.0,0.0,1.0,2025.0,25097.0,3.9,59.1
0.0,0.0,0.0,1.0,2018.0,194.0,0.03,55.4
0.0,0.0,0.0,1.0,2022.0,2154.0,6.68,59.1
0.0,0.0,0.0,1.0,2023.0,70685.0,3.11,82.9
0.0,0.0,0.0,1.0,2010.0,5.0,0.0,49.9
0.0,0.0,0.0,1.0,2019.0,7127.0,5.06,98.5
0.0,0.0,0.0,1.0,2019.0,35179.0,41.92,82.1
0.0,0.0,0.0,1.0,2014.0,76.0,0.04,68.9
0.0,0.0,0.0,1.0,2013.0,95.0,0.04,81.6
0.0,0.0,0.0,1.0,2022.0,5797.0,2.92,71.1
0.0,0.0,0.0,1.0,2012.0,42.0,0.0,84.8
0.0,0.0,0.0,1.0,2020.0,2353.0,0.83,81.4
0.0,0.0,0.0,1.0,2010.0,35.0,0.01,81.0
0.0,0.0,0.0,1.0,2023.0,35470.0,33.28,98.1
0.0,0.0,0.0,1.0,2012.0,10.0,0.02,60.5
0.0,0.0,0.0,1.0,2019.0,1330.0,0.08,86.6
0.0,0.0,0.0,1.0,2010.0,54.0,0.01,68.5
0.0,0.0,1.0,0.0,2022.0,17745.0,1.46,35.6
0.0,0.0,0.0,1.0,2016.0,7643.0,3.5,86.3
0.0,0.0,0.0,1.0,2020.0,33098.0,3.53,81.7
0.0,0.0,0.0,1.0,2010.0,36.0,0.01,78.7
0.0,0.0,0.0,1.0,2021.0,271.0,0.08,87.0
0.0,0.0,0.0,1.0,2011.0,991.0,0.88,84.7
0.0,0.0,0.0,1.0,2023.0,35655.0,95.0,83.5
0.0,0.0,0.0,1.0,2010.0,13.0,0.01,77.9
0.0,0.0,0.0,1.0,2020.0,287.0,0.09,56.6
0.0,0.0,1.0,0.0,2024.0,41665.0,3.1,36.1
0.0,0.0,0.0,1.0,2019.0,4272.0,6.41,65.5
0.0,0.0,0.0,1.0,2015.0,15.0,0.02,60.1
0.0,0.0,0.0,1.0,2013.0,3801.0,0.86,79.5
0.0,0.0,0.0,1.0,2017.0,483.0,0.26,80.2
0.0,0.0,0.0,1.0,2015.0,2636.0,0.55,81.6
0.0,0.0,0.0,1.0,2010.0,23.0,0.03,57.6
0.0,0.0,0.0,1.0,2018.0,19841.0,1.8,81.4
0.0,0.0,0.0,1.0,2010.0,5.0,0.01,60.9
0.0,0.0,0.0,1.0,2020.0,3407.0,3.23,59.9
1.0,0.0,0.0,0.0,2020.0,2415.0,1.04,85.9
0.0,1.0,0.0,0.0,2015.0,72514.0,1.16,55.4
0.0,0.0,0.0,1.0,2025.0,172415.0,16.13,82.4
0.0,0.0,1.0,0.0,2021.0,5310.0,0.57,35.2
0.0,0.0,0.0,1.0,2010.0,718.0,0.06,90.3
0.0,0.0,0.0,1.0,2025.0,161254.0,15.52,81.4
0.0,0.0,0.0,1.0,2017.0,14838.0,6.03,90.9
0.0,0.0,0.0,1.0,2023.0,9985.0,3.89,81.4
0.0,0.0,0.0,1.0,2016.0,1296.0,0.17,91.5
0.0,0.0,0.0,1.0,2016.0,1277.0,0.26,75.7
0.0,0.0,0.0,1.0,2023.0,48369.0,8.38,81.2
0.0,0.0,0.0,1.0,2022.0,44907.0,24.0,92.4
0.0,0.0,0.0,1.0,2020.0,138036.0,19.08,77.5
0.0,0.0,0.0,1.0,2014.0,6630.0,18.2,80.1
0.0,0.0,0.0,1.0,2020.0,173.0,0.13,56.6
0.0,0.0,0.0,1.0,2011.0,840.0,0.11,91.1
0.0,0.0,0.0,1.0,2018.0,14945.0,5.91,91.8
0.0,0.0,0.0,1.0,2023.0,15526.0,29.83,67.1
0.0,0.0,0.0,1.0,2023.0,1743.0,2.43,60.1
0.0,0.0,0.0,1.0,2015.0,1144.0,0.4,79.9
0.0,0.0,0.0,1.0,2015.0,171.0,0.07,60.1
0.0,0.0,0.0,1.0,2018.0,299.0,0.07,75.3
0.0,0.0,0.0,1.0,2017.0,2153.0,2.78,74.1
0.0,0.0,0.0,1.0,2022.0,725.0,0.45,81.2
0.0,0.0,0.0,1.0,2021.0,73125.0,39.97,88.6
0.0,0.0,0.0,1.0,2011.0,80.0,0.12,73.6
0.0,0.0,0.0,1.0,2014.0,17334.0,0.55,91.1
0.0,0.0,0.0,1.0,2013.0,909.0,1.36,85.5
0.0,0.0,0.0,1.0,2012.0,9244.0,0.7,91.2
0.0,0.0,0.0,1.0,2025.0,10080.0,4.25,71.9
0.0,0.0,0.0,1.0,2015.0,314.0,0.02,84.7
0.0,0.0,0.0,1.0,2018.0,365.0,0.1,80.2
0.0,0.0,0.0,1.0,2010.0,15.0,0.0,49.9
0.0,0.0,0.0,1.0,2024.0,5138.0,3.56,81.3
0.0,0.0,0.0,1.0,2016.0,92934.0,0.89,81.7
0.0,0.0,0.0,1.0,2011.0,5.0,0.01,60.4
0.0,0.0,0.0,1.0,2020.0,14913.0,10.41,74.2
0.0,0.0,0.0,1.0,2021.0,6253.0,23.5,82.8
0.0,0.0,0.0,1.0,2015.0,538.0,1.2,63.7
0.0,0.0,0.0,1.0,2025.0,48934.0,21.01,53.7
0.0,0.0,0.0,1.0,2013.0,177.0,0.15,97.8
0.0,0.0,0.0,1.0,2018.0,926.0,0.06,86.1
0.0,0.0,1.0,0.0,2010.0,79.0,0.0,30.9
0.0,0.0,0.0,1.0,2015.0,60.0,0.03,49.1
0.0,1.0,0.0,0.0,2023.0,3022792.0,39.22,64.2
0.0,0.0,0.0,1.0,2016.0,14829.0,0.73,75.7
0.0,0.0,0.0,1.0,2023.0,68069.0,16.1,82.1
1.0,0.0,0.0,0.0,2014.0,53.0,0.03,89.5
0.0,0.0,0.0,1.0,2025.0,335891.0,46.37,78.1
0.0,1.0,0.0,0.0,2013.0,27076.0,0.21,53.1
0.0,0.0,0.0,1.0,2012.0,54.0,0.13,85.1
0.0,1.0,0.0,0.0,2024.0,551571.0,11.84,65.2
0.0,0.0,0.0,1.0,2012.0,271.0,0.03,68.4
0.0,0.0,0.0,1.0,2011.0,10.0,0.0,50.6
0.0,1.0,0.0,0.0,2019.0,606608.0,3.95,60.3
0.0,0.0,0.0,1.0,2013.0,334.0,0.19,79.3
0.0,0.0,0.0,1.0,2011.0,626.0,0.09,74.2
0.0,0.0,0.0,1.0,2017.0,21625.0,0.72,92.0
0.0,0.0,0.0,1.0,2012.0,209.0,0.98,79.7
0.0,0.0,0.0,1.0,2013.0,81.0,0.01,47.0
0.0,0.0,0.0,1.0,2011.0,9932.0,0.3,81.0
0.0,0.0,0.0,1.0,2014.0,41.0,0.01,52.6
0.0,0.0,0.0,1.0,2018.0,18012.0,1.38,91.5
0.0,0.0,0.0,1.0,2013.0,669.0,0.17,81.6
0.0,0.0,0.0,1.0,2012.0,17.0,0.01,78.7
0.0,0.0,0.0,1.0,2014.0,6.0,0.0,48.1
0.0,0.0,0.0,1.0,2019.0,6225.0,1.29,70.4
0.0,0.0,0.0,1.0,2012.0,2373.0,2.81,79.7
0.0,0.0,0.0,1.0,2023.0,68756.0,16.12,81.4
0.0,0.0,0.0,1.0,2014.0,208.0,0.45,85.7
0.0,0.0,0.0,1.0,2024.0,150014.0,31.84,84.4
0.0,0.0,0.0,1.0,2010.0,8.0,0.02,60.6
0.0,0.0,0.0,1.0,2019.0,5577.0,1.06,76.8
0.0,0.0,0.0,1.0,2025.0,25267.0,8.85,84.9
0.0,0.0,0.0,1.0,2014.0,44.0,0.2,63.1
0.0,0.0,0.0,1.0,2017.0,11.0,0.01,55.2
0.0,0.0,0.0,1.0,2022.0,289692.0,44.18,78.2
0.0,0.0,0.0,1.0,2022.0,220435.0,22.81,84.3
0.0,0.0,0.0,1.0,2012.0,3063.0,1.18,86.3
0.0,0.0,0.0,1.0,2018.0,8772.0,2.64,98.1
0.0,0.0,0.0,1.0,2011.0,47.0,0.06,57.6
0.0,0.0,0.0,1.0,2024.0,41658.0,2.8,87.9
0.0,0.0,0.0,1.0,2025.0,14649.0,2.03,92.2
0.0,0.0,0.0,1.0,2025.0,37238.0,95.0,84.3
0.0,0.0,0.0,1.0,2025.0,57311.0,75.68,89.0
0.0,1.0,0.0,0.0,2025.0,7670056.0,40.69,65.8
1.0,0.0,0.0,0.0,2015.0,894.0,0.13,89.3
0.0,0.0,0.0,1.0,2023.0,497358.0,12.88,82.9
0.0,0.0,0.0,1.0,2021.0,374652.0,4.08,83.0
0.0,0.0,0.0,1.0,2010.0,226.0,0.05,81.0
0.0,0.0,0.0,1.0,2010.0,24.0,0.0,77.9
0.0,0.0,0.0,1.0,2017.0,21.0,0.01,74.8
0.0,0.0,0.0,1.0,2021.0,2361.0,0.35,92.2
0.0,0.0,0.0,1.0,2010.0,53.0,0.01,82.4
0.0,0.0,0.0,1.0,2012.0,1414.0,4.08,79.7
0.0,0.0,0.0,1.0,2019.0,14999.0,16.54,88.0
0.0,0.0,0.0,1.0,2011.0,1227.0,0.23,78.4
0.0,0.0,0.0,1.0,2011.0,5.0,0.0,77.6
0.0,0.0,0.0,1.0,2016.0,8747.0,22.8,81.0
0.0,0.0,0.0,1.0,2013.0,301.0,0.1,97.8
0.0,0.0,0.0,1.0,2017.0,9243.0,8.74,90.9
1.0,0.0,0.0,0.0,2017.0,1337.0,0.45,88.0
0.0,0.0,0.0,1.0,2017.0,263.0,0.51,58.0
0.0,0.0,0.0,1.0,2024.0,612716.0,15.6,83.3
0.0,0.0,0.0,1.0,2021.0,221508.0,5.92,83.0
0.0,0.0,0.0,1.0,2012.0,6.0,0.0,46.1
0.0,0.0,0.0,1.0,2012.0,210.0,0.07,98.2
0.0,0.0,0.0,1.0,2016.0,153.0,0.03,49.6
0.0,0.0,0.0,1.0,2013.0,116.0,0.17,62.4
0.0,0.0,0.0,1.0,2025.0,6460.0,4.16,81.2
0.0,0.0,0.0,1.0,2019.0,26642.0,4.74,83.7
0.0,0.0,0.0,1.0,2018.0,2675.0,3.16,58.5
0.0,0.0,0.0,1.0,2019.0,905.0,0.31,70.4
0.0,0.0,0.0,1.0,2010.0,7603.0,0.11,80.5
0.0,0.0,0.0,1.0,2018.0,15293.0,3.12,81.3
0.0,0.0,0.0,1.0,2013.0,9.0,0.01,72.2
0.0,0.0,0.0,1.0,2019.0,78.0,0.05,51.0
0.0,1.0,0.0,0.0,2018.0,657547.0,4.05,59.1
0.0,0.0,0.0,1.0,2023.0,12221.0,10.08,60.1
0.0,0.0,0.0,1.0,2018.0,29613.0,0.95,91.5
0.0,0.0,0.0,1.0,2010.0,10.0,0.01,49.9
0.0,0.0,0.0,1.0,2014.0,639.0,0.52,97.8
0.0,0.0,0.0,1.0,2013.0,8.0,0.02,60.7
1.0,0.0,0.0,0.0,2023.0,57799.0,7.87,86.2
0.0,0.0,0.0,1.0,2017.0,1866.0,8.11,81.3
0.0,1.0,0.0,0.0,2022.0,315782.0,7.92,63.3
0.0,0.0,0.0,1.0,2011.0,90.0,0.02,74.2
0.0,0.0,0.0,1.0,2010.0,51.0,0.03,73.1
0.0,0.0,0.0,1.0,2010.0,141.0,0.42,79.4
0.0,0.0,0.0,1.0,2023.0,16944.0,2.93,87.7
0.0,0.0,0.0,1.0,2012.0,41.0,0.01,46.1
0.0,0.0,0.0,1.0,2024.0,54057.0,73.31,88.8
0.0,0.0,0.0,1.0,2014.0,543.0,0.29,57.6
0.0,0.0,0.0,1.0,2019.0,3524.0,5.29,91.6
0.0,0.0,1.0,0.0,2011.0,17.0,0.0,31.4
0.0,0.0,0.0,1.0,2011.0,203.0,0.29,84.7
0.0,0.0,0.0,1.0,2019.0,512.0,0.18,75.4
0.0,1.0,0.0,0.0,2013.0,16630.0,0.3,53.1
0.0,0.0,0.0,1.0,2019.0,550.0,0.22,51.0
0.0,0.0,0.0,1.0,2021.0,189100.0,18.94,84.0
0.0,0.0,0.0,1.0,2016.0,16016.0,1.31,79.9
0.0,0.0,0.0,1.0,2010.0,93.0,0.01,80.9
0.0,0.0,0.0,1.0,2017.0,3768.0,0.31,69.8
1.0,0.0,0.0,0.0,2021.0,1094.0,0.7,86.3
0.0,0.0,0.0,1.0,2017.0,1088.0,1.97,64.5
0.0,0.0,0.0,1.0,2013.0,16.0,0.03,58.0
0.0,0.0,0.0,1.0,2015.0,12426.0,4.55,90.5
0.0,0.0,0.0,1.0,2017.0,27265.0,1.29,76.3
1.0,0.0,0.0,0.0,2025.0,7871.0,4.23,87.1
0.0,0.0,0.0,1.0,2018.0,4873.0,1.57,80.2
0.0,0.0,0.0,1.0,2025.0,34942.0,25.99,68.0
0.0,0.0,0.0,1.0,2011.0,109.0,0.02,78.7
0.0,0.0,0.0,1.0,2016.0,1112.0,1.32,58.1
0.0,0.0,0.0,1.0,2020.0,10541.0,4.33,81.1
0.0,0.0,0.0,1.0,2011.0,180.0,0.06,78.4
1.0,0.0,0.0,0.0,2025.0,90872.0,12.09,87.1
0.0,1.0,0.0,0.0,2022.0,3563298.0,22.64,63.3
0.0,0.0,0.0,1.0,2022.0,132109.0,33.07,84.3
0.0,0.0,0.0,1.0,2013.0,558.0,0.21,79.5
0.0,0.0,0.0,1.0,2020.0,20097.0,5.12,81.7
0.0,0.0,0.0,1.0,2016.0,154.0,0.04,79.6
0.0,0.0,0.0,1.0,2023.0,84170.0,48.37,88.4
0.0,0.0,0.0,1.0,2019.0,63521.0,3.02,76.8
0.0,0.0,0.0,1.0,2019.0,1708.0,0.5,60.0
0.0,0.0,0.0,1.0,2020.0,20289.0,4.61,77.5
1.0,0.0,0.0,0.0,2010.0,5.0,0.0,88.8
0.0,0.0,0.0,1.0,2016.0,162.0,0.32,58.1
0.0,0.0,0.0,1.0,2023.0,2234.0,7.2,67.1
1.0,0.0,0.0,0.0,2020.0,4009.0,0.72,85.9
0.0,0.0,0.0,1.0,2012.0,50.0,0.13,62.0
0.0,0.0,0.0,1.0,2012.0,319.0,0.11,79.0
0.0,0.0,0.0,1.0,2015.0,1108.0,0.88,97.2
0.0,1.0,0.0,0.0,2011.0,2821.0,0.06,50.3
0.0,0.0,1.0,0.0,2020.0,2876.0,0.16,34.9
0.0,0.0,0.0,1.0,2015.0,188.0,0.03,84.7
0.0,0.0,1.0,0.0,2019.0,322.0,0.06,34.4
0.0,0.0,0.0,1.0,2010.0,5.0,0.0,78.7
0.0,0.0,0.0,1.0,2020.0,6419.0,14.69,65.8
0.0,0.0,0.0,1.0,2012.0,276.0,0.03,81.7
0.0,0.0,0.0,1.0,2015.0,14359.0,0.92,82.4
0.0,0.0,0.0,1.0,2012.0,614.0,0.38,85.1
0.0,1.0,0.0,0.0,2012.0,7498.0,0.06,51.7
0.0,0.0,0.0,1.0,2010.0,414.0,0.03,81.0
0.0,0.0,0.0,1.0,2025.0,70514.0,10.82,77.4
0.0,0.0,0.0,1.0,2024.0,21233.0,33.86,59.3
0.0,0.0,0.0,1.0,2025.0,48491.0,11.19,78.1
0.0,0.0,0.0,1.0,2016.0,307.0,0.4,97.8
0.0,0.0,0.0,1.0,2022.0,14464.0,5.84,59.8
0.0,1.0,0.0,0.0,2014.0,26529.0,0.46,54.2
0.0,0.0,1.0,0.0,2025.0,9164.0,1.12,36.5
0.0,0.0,0.0,1.0,2014.0,13.0,0.01,78.9
0.0,0.0,0.0,1.0,2021.0,3081.0,0.24,87.0
0.0,0.0,0.0,1.0,2024.0,12489.0,3.84,81.6
0.0,0.0,1.0,0.0,2011.0,114.0,0.01,31.4
0.0,0.0,0.0,1.0,2022.0,4620.0,7.79,98.4
0.0,0.0,0.0,1.0,2015.0,102.0,0.1,60.1
0.0,0.0,0.0,1.0,2019.0,3896.0,1.14,83.7
0.0,0.0,0.0,1.0,2017.0,14094.0,0.55,82.2
0.0,0.0,0.0,1.0,2010.0,137.0,0.01,78.1
0.0,1.0,0.0,0.0,2012.0,646.0,0.02,51.7
0.0,0.0,0.0,1.0,2018.0,2592.0,0.33,91.5
0.0,0.0,0.0,1.0,2023.0,16147.0,26.49,59.1
0.0,0.0,0.0,1.0,2010.0,8.0,0.0,80.9
0.0,0.0,0.0,1.0,2024.0,35282.0,14.75,81.3
0.0,0.0,0.0,1.0,2019.0,194052.0,1.89,82.5
0.0,0.0,0.0,1.0,2011.0,15.0,0.0,50.6
0.0,0.0,0.0,1.0,2020.0,40703.0,19.23,92.4
0.0,0.0,0.0,1.0,2025.0,105003.0,4.33,83.1
0.0,0.0,0.0,1.0,2010.0,10.0,0.0,84.3
0.0,0.0,0.0,1.0,2017.0,5235.0,1.57,97.9
0.0,0.0,0.0,1.0,2010.0,630.0,0.04,80.5
0.0,0.0,0.0,1.0,2018.0,106.0,0.14,60.2
0.0,0.0,0.0,1.0,2022.0,2725.0,7.96,74.5
0.0,0.0,0.0,1.0,2011.0,12.0,0.01,60.4
0.0,0.0,0.0,1.0,2023.0,228986.0,20.96,84.5
1.0,0.0,0.0,0.0,2018.0,1810.0,0.65,87.7
1.0,0.0,0.0,0.0,2014.0,367.0,0.13,89.5
0.0,0.0,0.0,1.0,2010.0,15.0,0.0,44.0
0.0,0.0,0.0,1.0,2021.0,27900.0,19.42,59.1
0.0,0.0,0.0,1.0,2022.0,36110.0,95.0,83.4
0.0,0.0,0.0,1.0,2021.0,24555.0,17.88,73.6
0.0,0.0,0.0,1.0,2019.0,24617.0,11.41,88.0
0.0,0.0,0.0,1.0,2018.0,53.0,0.02,80.2
0.0,1.0,0.0,0.0,2021.0,182482.0,4.69,62.2
0.0,0.0,0.0,1.0,2022.0,1310.0,1.02,52.2
0.0,0.0,0.0,1.0,2021.0,1226.0,0.23,57.1
0.0,0.0,0.0,1.0,2011.0,76.0,0.02,81.6
0.0,0.0,0.0,1.0,2024.0,65483.0,12.07,53.0
0.0,0.0,0.0,1.0,2015.0,5.0,0.0,53.9
0.0,0.0,0.0,1.0,2021.0,248912.0,37.73,77.7
0.0,0.0,0.0,1.0,2019.0,15095.0,1.19,91.6
0.0,1.0,0.0,0.0,2020.0,759262.0,5.07,61.6
0.0,0.0,0.0,1.0,2019.0,530.0,0.16,80.8
0.0,0.0,0.0,1.0,2015.0,38.0,0.01,53.9
0.0,0.0,0.0,1.0,2016.0,93.0,0.04,49.6
0.0,0.0,0.0,1.0,2024.0,92430.0,9.67,71.8
0.0,0.0,0.0,1.0,2017.0,16281.0,1.37,81.8
0.0,0.0,0.0,1.0,2012.0,1060.0,0.14,74.9
0.0,0.0,0.0,1.0,2023.0,45373.0,8.87,52.9
0.0,0.0,0.0,1.0,2011.0,5.0,0.0,84.4
0.0,0.0,1.0,0.0,2019.0,3668.0,0.16,34.4
0.0,0.0,0.0,1.0,2017.0,237.0,0.04,74.8
0.0,0.0,0.0,1.0,2018.0,3295.0,4.22,73.6
0.0,0.0,0.0,1.0,2019.0,792.0,0.12,86.6
0.0,0.0,0.0,1.0,2020.0,10643.0,10.13,65.8
0.0,0.0,0.0,1.0,2017.0,5682.0,0.74,80.2
0.0,0.0,0.0,1.0,2015.0,7823.0,1.67,79.9
0.0,0.0,0.0,1.0,2015.0,1481.0,0.2,90.9
0.0,0.0,0.0,1.0,2013.0,24.0,0.03,60.7
0.0,0.0,0.0,1.0,2019.0,3132.0,14.67,82.1
0.0,0.0,0.0,1.0,2024.0,138551.0,13.52,81.5
0.0,1.0,0.0,0.0,2025.0,671627.0,14.24,65.8
0.0,0.0,0.0,1.0,2019.0,19695.0,4.03,81.9
0.0,0.0,0.0,1.0,2010.0,8.0,0.0,82.4
1.0,0.0,0.0,0.0,2017.0,2220.0,0.31,88.0
0.0,0.0,0.0,1.0,2018.0,194189.0,1.9,82.3
0.0,0.0,0.0,1.0,2016.0,2143.0,1.64,97.8
0.0,0.0,0.0,1.0,2020.0,1863.0,1.45,80.8
0.0,0.0,0.0,1.0,2018.0,38831.0,1.81,76.3
0.0,0.0,0.0,1.0,2025.0,23485.0,36.55,59.2
0.0,0.0,0.0,1.0,2021.0,44384.0,57.96,88.6
0.0,1.0,0.0,0.0,2017.0,37832.0,0.86,57.8
0.0,0.0,0.0,1.0,2021.0,266.0,0.24,51.7
0.0,0.0,0.0,1.0,2017.0,1815.0,1.36,64.5
0.0,0.0,0.0,1.0,2022.0,346870.0,9.93,83.2
0.0,0.0,0.0,1.0,2021.0,1845.0,0.35,87.0
0.0,0.0,0.0,1.0,2012.0,18.0,0.02,98.2
0.0,0.0,0.0,1.0,2025.0,163344.0,5.81,92.2
0.0,0.0,0.0,1.0,2021.0,16370.0,1.46,92.2
0.0,0.0,0.0,1.0,2023.0,28085.0,2.02,87.7
0.0,0.0,0.0,1.0,2021.0,751.0,0.33,57.1
0.0,0.0,0.0,1.0,2013.0,25.0,0.06,73.7
0.0,0.0,0.0,1.0,2024.0,245173.0,21.96,84.4
0.0,0.0,0.0,1.0,2017.0,1835.0,2.13,58.0
0.0,0.0,0.0,1.0,2025.0,26536.0,40.86,74.7
0.0,0.0,0.0,1.0,2025.0,28676.0,9.06,60.6
0.0,0.0,0.0,1.0,2013.0,4565.0,0.26,74.6
0.0,0.0,0.0,1.0,2019.0,21828.0,60.79,82.1
0.0,0.0,0.0,1.0,2021.0,3108.0,0.65,76.3
1.0,0.0,0.0,0.0,2019.0,3179.0,1.2,87.1
0.0,0.0,0.0,1.0,2011.0,12.0,0.03,73.6
1.0,0.0,0.0,0.0,2023.0,5073.0,2.75,86.2
0.0,0.0,0.0,1.0,2018.0,520.0,0.18,70.3
0.0,0.0,0.0,1.0,2014.0,202.0,0.01,84.6
0.0,0.0,0.0,1.0,2021.0,37412.0,17.53,92.5
0.0,0.0,0.0,1.0,2013.0,3708.0,3.52,87.6
0.0,0.0,0.0,1.0,2012.0,23.0,0.0,71.9
0.0,0.0,1.0,0.0,2013.0,194.0,0.01,32.1
0.0,0.0,0.0,1.0,2011.0,77.0,0.04,57.6
0.0,0.0,0.0,1.0,2023.0,25210.0,20.57,67.1
0.0,0.0,0.0,1.0,2017.0,16927.0,1.87,76.3
0.0,0.0,0.0,1.0,2016.0,6875.0,0.63,81.8
0.0,0.0,1.0,0.0,2016.0,156.0,0.03,33.3
0.0,0.0,1.0,0.0,2022.0,29722.0,1.01,35.6
0.0,0.0,0.0,1.0,2015.0,62.0,0.01,53.9
0.0,0.0,0.0,1.0,2011.0,785.0,2.29,79.5
0.0,1.0,0.0,0.0,2024.0,3923580.0,49.05,65.2
0.0,0.0,0.0,1.0,2015.0,154.0,0.02,79.0
0.0,0.0,0.0,1.0,2021.0,33122.0,7.92,81.8
0.0,0.0,0.0,1.0,2015.0,6727.0,0.84,75.0
1.0,0.0,0.0,0.0,2013.0,36.0,0.02,89.6
0.0,0.0,0.0,1.0,2013.0,287.0,0.16,73.7
1.0,0.0,0.0,0.0,2020.0,349.0,0.25,85.9
0.0,0.0,0.0,1.0,2015.0,35.0,0.01,73.1
0.0,0.0,0.0,1.0,2016.0,14309.0,15.72,81.0
0.0,0.0,0.0,1.0,2013.0,131.0,0.33,85.5
0.0,0.0,0.0,1.0,2017.0,22.0,0.02,49.9
0.0,0.0,0.0,1.0,2025.0,297573.0,25.68,81.4
0.0,0.0,0.0,1.0,2020.0,25.0,0.03,56.6
1.0,0.0,0.0,0.0,2012.0,195.0,0.03,88.5
0.0,0.0,0.0,1.0,2022.0,65788.0,8.33,71.1
0.0,0.0,0.0,1.0,2011.0,702.0,0.17,80.8
0.0,0.0,0.0,1.0,2012.0,2238.0,0.45,79.0
0.0,0.0,1.0,0.0,2012.0,112.0,0.01,31.6
0.0,0.0,0.0,1.0,2025.0,17421.0,13.14,60.6
0.0,0.0,0.0,1.0,2015.0,58.0,0.01,73.1
0.0,0.0,0.0,1.0,2023.0,4203.0,2.93,81.2
0.0,0.0,0.0,1.0,2018.0,118883.0,2.75,82.3
0.0,0.0,0.0,1.0,2020.0,3323.0,1.63,71.5
0.0,0.0,0.0,1.0,2010.0,28.0,0.02,60.6
0.0,0.0,0.0,1.0,2018.0,5319.0,3.83,98.1
0.0,0.0,0.0,1.0,2015.0,13041.0,14.2,80.6
0.0,0.0,0.0,1.0,2024.0,44989.0,10.84,78.3
1.0,0.0,0.0,0.0,2022.0,31580.0,11.61,86.2
0.0,0.0,0.0,1.0,2025.0,81541.0,14.49,53.7
0.0,0.0,0.0,1.0,2012.0,7.0,0.03,62.0
0.0,0.0,0.0,1.0,2015.0,3079.0,3.58,86.1
0.0,0.0,0.0,1.0,2016.0,38.0,0.01,85.3
0.0,0.0,0.0,1.0,2016.0,1848.0,0.91,58.1
0.0,0.0,0.0,1.0,2019.0,11748.0,3.49,98.5
0.0,0.0,0.0,1.0,2017.0,13428.0,1.04,92.0
1.0,0.0,0.0,0.0,2011.0,129.0,0.02,88.9
0.0,0.0,0.0,1.0,2011.0,5.0,0.0,71.1
0.0,0.0,0.0,1.0,2013.0,172.0,0.23,73.7
0.0,0.0,0.0,1.0,2020.0,1304.0,3.64,74.2
0.0,0.0,0.0,1.0,2021.0,1831.0,0.71,81.0
0.0,1.0,0.0,0.0,2025.0,4562920.0,59.0,65.8
0.0,0.0,1.0,0.0,2024.0,68707.0,2.14,36.1
0.0,0.0,0.0,1.0,2020.0,763.0,0.32,80.8
0.0,0.0,0.0,1.0,2013.0,48.0,0.05,79.3
0.0,0.0,0.0,1.0,2012.0,84.0,0.09,62.0
0.0,0.0,0.0,1.0,2016.0,1340.0,1.08,64.1
0.0,0.0,0.0,1.0,2018.0,3565.0,0.74,70.3
0.0,0.0,0.0,1.0,2016.0,8984.0,1.06,75.7
0.0,0.0,1.0,0.0,2015.0,91.0,0.02,32.9
0.0,0.0,0.0,1.0,2021.0,23271.0,10.58,81.2
0.0,0.0,0.0,1.0,2015.0,11100.0,0.58,75.0
0.0,0.0,0.0,1.0,2011.0,872.0,0.07,81.6
0.0,0.0,0.0,1.0,2020.0,24658.0,34.81,88.7
0.0,0.0,0.0,1.0,2018.0,16251.0,43.37,81.8
0.0,0.0,0.0,1.0,2021.0,32430.0,1.43,83.0
0.0,0.0,0.0,1.0,2024.0,80462.0,33.7,93.1
0.0,1.0,0.0,0.0,2016.0,124053.0,1.88,56.3
0.0,0.0,0.0,1.0,2025.0,25621.0,8.99,81.4
0.0,0.0,0.0,1.0,2013.0,7.0,0.0,84.6
0.0,0.0,1.0,0.0,2014.0,68.0,0.01,32.6
0.0,0.0,0.0,1.0,2017.0,319.0,0.11,69.8
0.0,0.0,0.0,1.0,2018.0,36411.0,2.49,83.4
0.0,0.0,0.0,1.0,2010.0,15.0,0.01,60.9
0.0,0.0,0.0,1.0,2022.0,482805.0,30.47,78.2
0.0,0.0,0.0,1.0,2014.0,88.0,0.03,78.9
0.0,0.0,0.0,1.0,2018.0,2455.0,0.75,80.2
0.0,0.0,0.0,1.0,2017.0,465.0,0.05,79.7
1.0,0.0,0.0,0.0,2024.0,6184.0,3.34,86.6
0.0,0.0,0.0,1.0,2017.0,1342.0,2.11,90.9
1.0,0.0,0.0,0.0,2019.0,5228.0,0.83,87.1
0.0,0.0,0.0,1.0,2024.0,8175.0,3.38,71.8
0.0,0.0,0.0,1.0,2021.0,112369.0,27.46,84.0
0.0,0.0,0.0,1.0,2024.0,2028.0,2.63,60.4
0.0,0.0,0.0,1.0,2011.0,16.0,0.01,45.2
0.0,0.0,0.0,1.0,2024.0,40030.0,35.06,98.2
0.0,0.0,0.0,1.0,2017.0,12432.0,5.67,86.5
0.0,0.0,0.0,1.0,2020.0,28030.0,79.55,82.6
0.0,0.0,0.0,1.0,2016.0,1836.0,2.26,74.1
0.0,0.0,0.0,1.0,2019.0,6702.0,2.15,80.5
0.0,0.0,0.0,1.0,2013.0,51.0,0.01,72.2
0.0,0.0,0.0,1.0,2012.0,115.0,0.06,78.7
0.0,0.0,0.0,1.0,2014.0,8006.0,0.53,82.2
0.0,0.0,0.0,1.0,2023.0,58836.0,22.95,98.1
0.0,0.0,0.0,1.0,2010.0,54.0,0.03,85.1
0.0,0.0,0.0,1.0,2012.0,5.0,0.0,71.9
0.0,0.0,0.0,1.0,2014.0,310.0,0.83,63.1
0.0,0.0,0.0,1.0,2014.0,67.0,0.01,52.6
0.0,0.0,0.0,1.0,2025.0,7865.0,12.8,92.7
0.0,0.0,0.0,1.0,2017.0,447.0,0.36,60.0
0.0,1.0,0.0,0.0,2020.0,451304.0,7.35,61.6
0.0,0.0,0.0,1.0,2020.0,9287.0,3.82,83.9
0.0,0.0,0.0,1.0,2023.0,6759.0,2.93,71.3
0.0,0.0,0.0,1.0,2023.0,305853.0,42.68,77.7
0.0,0.0,0.0,1.0,2014.0,40.0,0.04,60.3
0.0,0.0,0.0,1.0,2016.0,136.0,0.05,69.4
0.0,0.0,0.0,1.0,2022.0,4954.0,1.86,81.2
0.0,0.0,0.0,1.0,2020.0,104287.0,10.91,83.9
0.0,0.0,0.0,1.0,2022.0,3139.0,1.58,76.7
0.0,0.0,0.0,1.0,2024.0,38017.0,25.2,74.4
0.0,0.0,0.0,1.0,2024.0,11947.0,4.73,81.5
0.0,0.0,0.0,1.0,2011.0,1294.0,1.58,79.5
0.0,0.0,0.0,1.0,2021.0,38644.0,7.3,81.2
0.0,0.0,0.0,1.0,2010.0,66.0,0.02,97.5
0.0,0.0,0.0,1.0,2022.0,14960.0,2.92,52.2
0.0,0.0,0.0,1.0,2020.0,15953.0,14.94,98.2
0.0,0.0,0.0,1.0,2015.0,5.0,0.0,73.1
0.0,0.0,0.0,1.0,2025.0,28384.0,3.32,81.0
0.0,0.0,0.0,1.0,2015.0,16840.0,0.57,90.9
0.0,0.0,0.0,1.0,2024.0,516118.0,30.98,78.3
0.0,0.0,0.0,1.0,2014.0,121.0,0.25,73.7
0.0,0.0,0.0,1.0,2013.0,2025.0,0.45,81.2
0.0,0.0,0.0,1.0,2012.0,1746.0,0.1,74.9
0.0,0.0,0.0,1.0,2018.0,25.0,0.02,50.7
0.0,0.0,0.0,1.0,2020.0,3652.0,6.73,92.4
0.0,0.0,0.0,1.0,2015.0,8793.0,1.33,82.4
0.0,0.0,0.0,1.0,2022.0,42110.0,12.9,71.1
0.0,0.0,0.0,1.0,2013.0,71.0,0.25,62.4
0.0,0.0,0.0,1.0,2024.0,12128.0,4.68,81.9
0.0,0.0,0.0,1.0,2012.0,166.0,0.04,68.4
0.0,0.0,0.0,1.0,2025.0,15114.0,5.65,82.4
0.0,0.0,0.0,1.0,2017.0,1934.0,0.25,92.0
0.0,0.0,1.0,0.0,2015.0,1028.0,0.05,32.9
0.0,0.0,0.0,1.0,2024.0,10604.0,1.47,92.0
0.0,0.0,0.0,1.0,2023.0,112683.0,11.1,82.1
0.0,0.0,0.0,1.0,2018.0,2754.0,4.44,64.6
0.0,0.0,0.0,1.0,2013.0,6809.0,8.01,80.2
0.0,0.0,0.0,1.0,2013.0,30.0,0.0,52.0
0.0,0.0,0.0,1.0,2019.0,45266.0,3.27,83.7
0.0,0.0,0.0,1.0,2025.0,80945.0,86.14,84.3
0.0,0.0,0.0,1.0,2019.0,6792.0,4.42,65.5
0.0,0.0,0.0,1.0,2010.0,40.0,0.03,97.5
0.0,0.0,0.0,1.0,2021.0,88829.0,9.93,71.2
0.0,0.0,0.0,1.0,2022.0,49964.0,2.4,83.2
0.0,0.0,0.0,1.0,2020.0,37366.0,4.65,71.5
0.0,0.0,0.0,1.0,2013.0,559.0,0.13,79.3
0.0,0.0,0.0,1.0,2018.0,25207.0,2.15,81.3
0.0,0.0,0.0,1.0,2018.0,3437.0,0.63,76.3
0.0,0.0,0.0,1.0,2020.0,1560.0,0.23,91.5
0.0,0.0,0.0,1.0,2016.0,1534.0,0.14,69.4
0.0,0.0,0.0,1.0,2017.0,159800.0,1.58,82.2
0.0,0.0,0.0,1.0,2021.0,4791.0,1.91,81.8
1.0,0.0,0.0,0.0,2016.0,105.0,0.06,88.9
0.0,0.0,0.0,1.0,2018.0,79.0,0.02,86.1
0.0,0.0,0.0,1.0,2017.0,96883.0,2.29,82.2
0.0,0.0,0.0,1.0,2011.0,2038.0,0.16,78.4
0.0,0.0,0.0,1.0,2011.0,9.0,0.01,78.7
0.0,0.0,1.0,0.0,2014.0,789.0,0.04,32.6
0.0,0.0,0.0,1.0,2019.0,887.0,0.15,51.0
0.0,0.0,0.0,1.0,2010.0,10.0,0.01,70.6
0.0,0.0,0.0,1.0,2014.0,1555.0,0.19,91.1
0.0,0.0,0.0,1.0,2023.0,232594.0,22.08,81.3
0.0,0.0,0.0,1.0,2019.0,601.0,1.55,65.5
0.0,0.0,0.0,1.0,2020.0,16229.0,3.44,81.4
0.0,0.0,0.0,1.0,2014.0,5665.0,1.22,79.5
0.0,0.0,0.0,1.0,2011.0,16457.0,0.21,81.0
0.0,0.0,0.0,1.0,2021.0,16747.0,6.63,84.0
0.0,0.0,0.0,1.0,2025.0,3416.0,8.82,59.2
0.0,0.0,0.0,1.0,2017.0,1462.0,0.48,81.8
0.0,0.0,0.0,1.0,2010.0,17.0,0.03,60.6
0.0,0.0,0.0,1.0,2010.0,173.0,0.01,73.8
0.0,0.0,1.0,0.0,2023.0,28669.0,2.31,36.1
0.0,0.0,0.0,1.0,2021.0,10419.0,21.23,66.9
0.0,0.0,0.0,1.0,2016.0,4624.0,0.93,81.4
0.0,0.0,0.0,1.0,2024.0,1771.0,0.93,81.6
0.0,0.0,0.0,1.0,2016.0,3545.0,1.13,97.8
0.0,0.0,0.0,1.0,2014.0,118.0,0.01,84.6
0.0,0.0,0.0,1.0,2023.0,832852.0,8.88,82.9
0.0,0.0,0.0,1.0,2015.0,1835.0,0.61,97.2
1.0,0.0,0.0,0.0,2022.0,4541.0,2.8,86.2
0.0,0.0,0.0,1.0,2013.0,26.0,0.03,97.8
0.0,0.0,0.0,1.0,2018.0,23306.0,2.62,76.3
0.0,0.0,0.0,1.0,2021.0,56488.0,5.51,81.2
0.0,0.0,0.0,1.0,2024.0,36884.0,95.0,83.5
0.0,0.0,0.0,1.0,2022.0,1275.0,2.04,59.8
0.0,0.0,0.0,1.0,2014.0,66.0,0.03,60.3
0.0,0.0,0.0,1.0,2022.0,8901.0,8.47,59.8
0.0,0.0,0.0,1.0,2019.0,38679.0,4.38,76.8
0.0,0.0,0.0,1.0,2012.0,21.0,0.05,73.6
0.0,0.0,0.0,1.0,2013.0,5.0,0.0,52.0
0.0,0.0,0.0,1.0,2023.0,35725.0,23.89,74.6
0.0,0.0,0.0,1.0,2022.0,53188.0,2.08,92.2
0.0,0.0,0.0,1.0,2015.0,954.0,0.2,75.0
0.0,0.0,0.0,1.0,2013.0,605.0,0.08,68.8
0.0,1.0,0.0,0.0,2013.0,2382.0,0.07,53.1
0.0,0.0,0.0,1.0,2024.0,10544.0,4.05,58.8
0.0,0.0,0.0,1.0,2013.0,6149.0,2.43,87.6
0.0,0.0,0.0,1.0,2017.0,142.0,0.06,74.8
0.0,0.0,1.0,0.0,2017.0,2375.0,0.1,33.7
0.0,0.0,0.0,1.0,2014.0,4750.0,0.77,82.2
0.0,0.0,0.0,1.0,2016.0,263.0,0.04,85.3
0.0,0.0,0.0,1.0,2014.0,505.0,0.57,63.1
0.0,0.0,0.0,1.0,2017.0,132.0,0.02,55.2
0.0,0.0,0.0,1.0,2021.0,260.0,0.23,76.3
0.0,0.0,0.0,1.0,2025.0,6105.0,3.79,77.4
0.0,0.0,0.0,1.0,2023.0,20126.0,7.34,84.5
0.0,0.0,0.0,1.0,2021.0,16545.0,28.16,59.1
0.0,0.0,0.0,1.0,2021.0,14992.0,25.93,73.6
0.0,0.0,0.0,1.0,2012.0,3727.0,0.31,79.0
0.0,0.0,0.0,1.0,2019.0,41419.0,15.11,91.6
0.0,0.0,0.0,1.0,2017.0,3040.0,1.47,58.0
0.0,0.0,0.0,1.0,2016.0,14281.0,5.54,91.1
0.0,0.0,0.0,1.0,2011.0,180.0,0.02,82.0
0.0,0.0,0.0,1.0,2021.0,3006.0,0.49,81.0
0.0,0.0,0.0,1.0,2022.0,7293.0,17.45,88.2
0.0,0.0,0.0,1.0,2015.0,861.0,0.44,57.6
0.0,0.0,0.0,1.0,2017.0,2599.0,0.68,83.2
0.0,0.0,0.0,1.0,2014.0,6137.0,0.25,81.8
0.0,0.0,0.0,1.0,2022.0,9271.0,3.59,81.3
0.0,0.0,0.0,1.0,2014.0,1398.0,1.86,85.7
0.0,0.0,0.0,1.0,2013.0,417.0,0.13,82.1
0.0,0.0,0.0,1.0,2020.0,26441.0,10.3,98.2
0.0,0.0,0.0,1.0,2010.0,105.0,0.01,73.8
1.0,0.0,0.0,0.0,2010.0,57.0,0.01,88.8
0.0,0.0,0.0,1.0,2018.0,16733.0,7.51,87.0
0.0,0.0,0.0,1.0,2013.0,10743.0,0.78,91.2
0.0,0.0,0.0,1.0,2018.0,600.0,0.07,80.2
0.0,0.0,0.0,1.0,2016.0,9696.0,1.9,79.9
0.0,0.0,0.0,1.0,2013.0,11.0,0.01,78.5
0.0,0.0,0.0,1.0,2018.0,179.0,0.1,75.3
0.0,0.0,1.0,0.0,2018.0,1682.0,0.17,34.1
0.0,0.0,0.0,1.0,2019.0,116.0,0.03,86.6
0.0,0.0,1.0,0.0,2021.0,763.0,0.14,35.2
0.0,0.0,0.0,1.0,2012.0,69.0,0.01,46.1
0.0,0.0,0.0,1.0,2017.0,1104.0,0.4,81.6
0.0,0.0,0.0,1.0,2010.0,15.0,0.0,70.6
0.0,0.0,0.0,1.0,2017.0,314.0,0.67,74.1
0.0,0.0,0.0,1.0,2019.0,76.0,0.04,80.8
0.0,0.0,0.0,1.0,2019.0,17207.0,0.66,82.5
0.0,0.0,0.0,1.0,2016.0,230.0,0.13,79.8
0.0,0.0,0.0,1.0,2019.0,468.0,0.08,56.0
1.0,0.0,0.0,0.0,2024.0,69778.0,9.54,86.6
0.0,0.0,0.0,1.0,2014.0,9111.0,3.58,88.8
0.0,0.0,1.0,0.0,2023.0,4196.0,0.56,36.1
0.0,0.0,0.0,1.0,2012.0,39.0,0.02,60.5
0.0,0.0,0.0,1.0,2013.0,1546.0,0.94,85.5
0.0,0.0,0.0,1.0,2019.0,3339.0,0.97,80.0
0.0,0.0,0.0,1.0,2023.0,514967.0,28.97,77.7
0.0,0.0,0.0,1.0,2024.0,57073.0,14.02,71.8
0.0,0.0,0.0,1.0,2024.0,162489.0,35.89,81.3
0.0,0.0,0.0,1.0,2012.0,5.0,0.0,51.4
0.0,0.0,0.0,1.0,2021.0,3033.0,0.68,51.7
0.0,0.0,0.0,1.0,2012.0,5.0,0.0,84.8
1.0,0.0,0.0,0.0,2022.0,51183.0,8.01,86.2
0.0,0.0,0.0,1.0,2019.0,24820.0,0.82,91.6
0.0,0.0,0.0,1.0,2014.0,2394.0,1.28,85.7
0.0,0.0,0.0,1.0,2020.0,490.0,0.78,59.9
0.0,0.0,0.0,1.0,2022.0,5149.0,1.09,76.7
0.0,0.0,0.0,1.0,2020.0,1213.0,0.27,76.5
0.0,0.0,0.0,1.0,2011.0,20.0,0.01,60.4
0.0,0.0,0.0,1.0,2011.0,110.0,0.03,82.0
0.0,0.0,1.0,0.0,2018.0,2747.0,0.12,34.1
0.0,0.0,0.0,1.0,2025.0,46876.0,41.22,97.9
0.0,0.0,0.0,1.0,2022.0,18872.0,32.97,74.5
0.0,0.0,0.0,1.0,2025.0,118074.0,12.13,71.9
0.0,0.0,0.0,1.0,2022.0,577091.0,6.85,83.2
0.0,0.0,0.0,1.0,2012.0,59.0,0.01,78.7
0.0,0.0,0.0,1.0,2022.0,31497.0,3.02,92.2
0.0,0.0,0.0,1.0,2020.0,3595.0,8.4,88.7
0.0,0.0,0.0,1.0,2015.0,5596.0,0.49,81.4
0.0,0.0,0.0,1.0,2023.0,115542.0,11.12,81.4
0.0,0.0,0.0,1.0,2012.0,10.0,0.0,51.4
0.0,0.0,0.0,1.0,2021.0,31513.0,30.44,97.6
0.0,0.0,0.0,1.0,2024.0,311491.0,44.92,78.3
0.0,0.0,0.0,1.0,2020.0,109.0,0.03,87.0
0.0,0.0,0.0,1.0,2011.0,5821.0,0.45,91.1
0.0,0.0,0.0,1.0,2020.0,46610.0,54.86,82.6
0.0,1.0,0.0,0.0,2020.0,65695.0,1.77,61.6
0.0,0.0,1.0,0.0,2017.0,1459.0,0.14,33.7
0.0,0.0,0.0,1.0,2011.0,30.0,0.01,45.2
0.0,0.0,0.0,1.0,2019.0,1043.0,1.22,98.5
0.0,0.0,0.0,1.0,2024.0,5766.0,8.46,98.2
0.0,0.0,0.0,1.0,2015.0,156.0,0.1,79.8
0.0,0.0,0.0,1.0,2011.0,7.0,0.01,57.6
0.0,0.0,0.0,1.0,2014.0,6.0,0.01,60.3
0.0,0.0,0.0,1.0,2010.0,15.0,0.02,83.0
0.0,0.0,0.0,1.0,2013.0,10.0,0.06,62.4
0.0,1.0,0.0,0.0,2021.0,1262661.0,19.44,62.2
0.0,0.0,0.0,1.0,2015.0,893.0,0.83,63.7
0.0,0.0,0.0,1.0,2017.0,2280.0,0.45,69.8
0.0,0.0,0.0,1.0,2012.0,153.0,0.04,74.9
0.0,1.0,0.0,0.0,2015.0,120021.0,0.8,55.4
0.0,0.0,0.0,1.0,2022.0,7097.0,1.35,87.4
0.0,0.0,0.0,1.0,2023.0,8485.0,2.58,81.2
0.0,0.0,0.0,1.0,2014.0,821.0,0.29,79.5
0.0,0.0,0.0,1.0,2025.0,95051.0,52.19,89.0
0.0,0.0,0.0,1.0,2016.0,1256.0,5.5,81.0
0.0,0.0,0.0,1.0,2010.0,7.0,0.01,57.6
0.0,1.0,0.0,0.0,2010.0,98.0,0.0,49.1
0.0,0.0,0.0,1.0,2022.0,47462.0,12.24,82.3
0.0,0.0,0.0,1.0,2023.0,43592.0,45.41,92.9
0.0,0.0,0.0,1.0,2022.0,124817.0,31.51,81.3
0.0,0.0,0.0,1.0,2025.0,7082.0,30.15,84.3
0.0,0.0,0.0,1.0,2018.0,116.0,0.04,55.4
0.0,0.0,0.0,1.0,2013.0,584.0,2.8,80.2
0.0,0.0,0.0,1.0,2022.0,11655.0,26.12,66.9
0.0,0.0,0.0,1.0,2022.0,27143.0,34.8,92.4
0.0,0.0,0.0,1.0,2010.0,5.0,0.0,70.6
0.0,0.0,0.0,1.0,2021.0,108.0,0.08,57.1
0.0,0.0,0.0,1.0,2016.0,436.0,0.03,85.3
0.0,0.0,0.0,1.0,2017.0,331.0,0.06,86.3
0.0,0.0,0.0,1.0,2010.0,15.0,0.0,84.3
0.0,0.0,0.0,1.0,2014.0,2508.0,0.55,81.4
0.0,0.0,0.0,1.0,2016.0,924.0,0.2,69.4
0.0,0.0,0.0,1.0,2024.0,24751.0,4.06,87.9
0.0,0.0,0.0,1.0,2023.0,3983.0,3.1,52.9
0.0,0.0,0.0,1.0,2022.0,17823.0,7.61,81.3
0.0,0.0,0.0,1.0,2021.0,3305.0,6.14,92.5
0.0,0.0,0.0,1.0,2025.0,90352.0,36.57,92.7
0.0,0.0,0.0,1.0,2016.0,28.0,0.04,60.1
0.0,0.0,0.0,1.0,2015.0,52552.0,1.2,81.2
0.0,0.0,0.0,1.0,2025.0,42921.0,15.69,77.4
0.0,0.0,0.0,1.0,2024.0,6792.0,28.81,83.5
0.0,0.0,0.0,1.0,2024.0,2794.0,8.4,67.6
0.0,0.0,0.0,1.0,2013.0,4898.0,0.36,82.1
0.0,0.0,0.0,1.0,2023.0,2330.0,6.4,59.1
0.0,0.0,0.0,1.0,2015.0,1071.0,0.42,79.8
0.0,0.0,0.0,1.0,2025.0,99351.0,8.42,92.2
0.0,0.0,0.0,1.0,2020.0,16251.0,10.87,58.6
0.0,0.0,0.0,1.0,2018.0,3231.0,0.87,83.4
0.0,0.0,0.0,1.0,2015.0,1141.0,4.97,80.6
0.0,0.0,0.0,1.0,2017.0,534.0,0.04,86.3
0.0,0.0,0.0,1.0,2022.0,77657.0,8.44,82.3
0.0,0.0,0.0,1.0,2012.0,18456.0,0.52,81.4
0.0,0.0,0.0,1.0,2014.0,5.0,0.0,73.1
0.0,0.0,0.0,1.0,2016.0,196.0,0.17,60.1
0.0,0.0,0.0,1.0,2011.0,126.0,0.04,97.7
0.0,0.0,0.0,1.0,2010.0,83.0,0.01,78.1
0.0,0.0,0.0,1.0,2014.0,6.0,0.0,52.6
0.0,0.0,0.0,1.0,2014.0,582.0,0.26,79.7
0.0,0.0,0.0,1.0,2016.0,316.0,0.12,60.1
0.0,0.0,1.0,0.0,2012.0,188.0,0.01,31.6
0.0,0.0,0.0,1.0,2022.0,14797.0,27.68,59.1
0.0,0.0,0.0,1.0,2025.0,1233705.0,12.36,83.1
0.0,0.0,0.0,1.0,2024.0,6999.0,11.8,93.1
0.0,0.0,0.0,1.0,2019.0,310.0,0.26,75.4
0.0,0.0,0.0,1.0,2024.0,17555.0,2.79,58.8
1.0,0.0,0.0,0.0,2024.0,42428.0,13.83,86.6
0.0,0.0,0.0,1.0,2016.0,794.0,1.57,64.1
0.0,0.0,0.0,1.0,2024.0,3342.0,8.82,74.4
1.0,0.0,0.0,0.0,2018.0,257.0,0.16,87.7
0.0,0.0,0.0,1.0,2015.0,4455.0,0.38,81.6
0.0,0.0,0.0,1.0,2015.0,14.0,0.01,79.0
0.0,0.0,0.0,1.0,2019.0,119406.0,2.74,82.5
0.0,0.0,0.0,1.0,2014.0,1378.0,0.73,73.7
0.0,0.0,0.0,1.0,2014.0,1079.0,0.36,97.8
0.0,0.0,0.0,1.0,2020.0,2905.0,1.24,81.7
0.0,0.0,0.0,1.0,2024.0,39818.0,17.5,53.0
0.0,0.0,0.0,1.0,2010.0,10.0,0.01,60.9
0.0,0.0,0.0,1.0,2012.0,135.0,0.07,57.6
0.0,0.0,0.0,1.0,2020.0,208174.0,2.41,82.6
0.0,1.0,0.0,0.0,2014.0,43588.0,0.32,54.2
0.0,0.0,0.0,1.0,2016.0,1252.0,1.94,91.1
0.0,0.0,0.0,1.0,2015.0,10195.0,0.83,90.9
0.0,0.0,0.0,1.0,2025.0,2166.0,1.37,59.1
0.0,0.0,0.0,1.0,2022.0,82922.0,49.87,88.2
0.0,0.0,0.0,1.0,2019.0,2242.0,0.84,81.7
0.0,0.0,0.0,1.0,2015.0,76.0,0.15,57.6
0.0,0.0,1.0,0.0,2019.0,2232.0,0.23,34.4
0.0,0.0,1.0,0.0,2010.0,6.0,0.0,30.9
0.0,0.0,0.0,1.0,2014.0,837.0,1.06,73.7
0.0,0.0,0.0,1.0,2016.0,1589.0,0.55,79.8
0.0,0.0,0.0,1.0,2016.0,121.0,0.02,54.3
0.0,0.0,0.0,1.0,2020.0,24764.0,27.88,92.4
0.0,0.0,0.0,1.0,2021.0,35700.0,9.11,77.7
0.0,0.0,0.0,1.0,2015.0,7829.0,20.59,80.6
0.0,0.0,0.0,1.0,2019.0,2823.0,0.97,81.9
0.0,0.0,0.0,1.0,2018.0,22252.0,3.61,83.4
1.0,0.0,0.0,0.0,2017.0,198.0,0.11,88.0
0.0,0.0,0.0,1.0,2023.0,19746.0,6.95,60.1
0.0,0.0,0.0,1.0,2011.0,65.0,0.03,78.7
0.0,0.0,1.0,0.0,2022.0,2539.0,0.35,35.6
0.0,0.0,0.0,1.0,2012.0,2339.0,0.23,81.1
0.0,0.0,0.0,1.0,2016.0,11.0,0.01,54.3
0.0,0.0,0.0,1.0,2013.0,48.0,0.01,47.0
0.0,0.0,0.0,1.0,2025.0,43923.0,17.23,81.2
0.0,0.0,0.0,1.0,2018.0,2411.0,10.47,81.8
0.0,0.0,0.0,1.0,2024.0,31173.0,24.0,67.6
0.0,0.0,0.0,1.0,2018.0,16868.0,0.67,82.3
0.0,0.0,0.0,1.0,2025.0,73568.0,11.88,81.2
0.0,0.0,0.0,1.0,2023.0,28014.0,12.86,52.9
0.0,0.0,0.0,1.0,2018.0,5963.0,0.51,70.3
0.0,0.0,1.0,0.0,2017.0,213.0,0.03,33.7
0.0,0.0,0.0,1.0,2019.0,22775.0,4.02,80.0
0.0,0.0,0.0,1.0,2023.0,2450.0,0.71,87.7
0.0,0.0,0.0,1.0,2015.0,1279.0,0.32,82.4
0.0,0.0,0.0,1.0,2021.0,259.0,0.17,81.0
0.0,0.0,0.0,1.0,2010.0,103.0,0.09,83.0
0.0,0.0,0.0,1.0,2011.0,122.0,0.03,68.8
0.0,1.0,0.0,0.0,2022.0,2170129.0,32.83,63.3
0.0,0.0,0.0,1.0,2012.0,267.0,0.41,86.3
1.0,0.0,0.0,0.0,2016.0,716.0,0.25,88.9
0.0,0.0,0.0,1.0,2018.0,554.0,0.09,86.1
0.0,0.0,0.0,1.0,2022.0,40060.0,8.23,81.2
0.0,0.0,0.0,1.0,2020.0,1179.0,0.25,51.5
0.0,0.0,0.0,1.0,2020.0,766.0,0.15,87.0
0.0,0.0,0.0,1.0,2023.0,20625.0,7.73,81.3
0.0,0.0,0.0,1.0,2021.0,72162.0,67.14,82.8
0.0,0.0,0.0,1.0,2022.0,3500.0,1.38,57.4
0.0,0.0,0.0,1.0,2012.0,889.0,0.16,81.8
0.0,1.0,0.0,0.0,2018.0,397829.0,5.87,59.1
0.0,0.0,0.0,1.0,2023.0,1197.0,0.62,81.2
0.0,0.0,0.0,1.0,2021.0,52193.0,20.99,97.6
0.0,0.0,0.0,1.0,2010.0,57.0,0.01,78.7
0.0,0.0,0.0,1.0,2011.0,1408.0,0.07,81.0
0.0,0.0,0.0,1.0,2013.0,2890.0,0.52,82.1
0.0,0.0,0.0,1.0,2013.0,54.0,0.03,68.8
0.0,0.0,0.0,1.0,2020.0,110.0,0.08,80.8
0.0,0.0,1.0,0.0,2020.0,1739.0,0.23,34.9
0.0,0.0,0.0,1.0,2012.0,21.0,0.0,84.8
0.0,0.0,0.0,1.0,2018.0,8223.0,1.08,80.2
0.0,0.0,0.0,1.0,2021.0,4968.0,1.93,81.2
0.0,1.0,0.0,0.0,2023.0,425268.0,9.47,64.2
0.0,0.0,0.0,1.0,2018.0,169.0,0.07,50.7
0.0,1.0,0.0,0.0,2019.0,368739.0,5.73,60.3
0.0,0.0,0.0,1.0,2010.0,6.0,0.01,97.5
0.0,0.0,0.0,1.0,2016.0,651.0,0.22,81.4
0.0,0.0,0.0,1.0,2023.0,53542.0,4.6,91.5
0.0,0.0,0.0,1.0,2013.0,4592.0,0.2,81.2
0.0,0.0,0.0,1.0,2012.0,197.0,0.04,78.7
0.0,0.0,0.0,1.0,2011.0,9777.0,0.31,91.1
0.0,0.0,0.0,1.0,2012.0,2708.0,0.13,81.4
0.0,0.0,0.0,1.0,2024.0,63742.0,9.52,77.7
0.0,0.0,0.0,1.0,2023.0,79933.0,88.31,83.5
0.0,0.0,0.0,1.0,2019.0,3582.0,4.41,58.4
0.0,1.0,0.0,0.0,2017.0,258225.0,3.58,57.8
0.0,0.0,0.0,1.0,2024.0,1048083.0,10.76,83.3
0.0,0.0,0.0,1.0,2011.0,11.0,0.0,84.4
0.0,0.0,0.0,1.0,2022.0,5821.0,0.95,57.4
0.0,0.0,0.0,1.0,2022.0,4727.0,0.73,92.2
0.0,0.0,0.0,1.0,2019.0,293.0,0.12,56.0
0.0,0.0,0.0,1.0,2020.0,12601.0,5.99,80.8
0.0,0.0,0.0,1.0,2017.0,12765.0,33.58,81.3
0.0,0.0,0.0,1.0,2015.0,5040.0,2.47,86.1
0.0,0.0,0.0,1.0,2013.0,125.0,0.02,78.5
0.0,1.0,0.0,0.0,2011.0,407.0,0.01,50.3
0.0,0.0,0.0,1.0,2012.0,1441.0,0.11,81.8
0.0,0.0,0.0,1.0,2020.0,5688.0,2.23,59.9
0.0,0.0,0.0,1.0,2018.0,1317.0,2.07,91.8
0.0,0.0,0.0,1.0,2016.0,255.0,0.03,79.6
0.0,0.0,0.0,1.0,2018.0,28072.0,2.15,80.2
0.0,0.0,0.0,1.0,2017.0,1093.0,1.98,86.5
0.0,0.0,0.0,1.0,2013.0,48.0,0.01,84.6
0.0,0.0,0.0,1.0,2023.0,3070.0,8.36,74.6
0.0,0.0,0.0,1.0,2022.0,8993.0,4.23,52.2
1.0,0.0,0.0,0.0,2018.0,2940.0,0.45,87.7
0.0,0.0,0.0,1.0,2011.0,1200.0,0.12,80.8
0.0,0.0,0.0,1.0,2020.0,735.0,0.39,76.5
1.0,0.0,0.0,0.0,2015.0,77.0,0.05,89.3
0.0,0.0,0.0,1.0,2016.0,2653.0,0.38,79.8
0.0,0.0,0.0,1.0,2025.0,2468.0,1.16,81.0
0.0,0.0,0.0,1.0,2024.0,5740.0,4.22,53.0
0.0,0.0,0.0,1.0,2013.0,30.0,0.01,72.2
0.0,0.0,0.0,1.0,2015.0,753.0,0.19,69.1
0.0,0.0,0.0,1.0,2018.0,395.0,1.07,64.6
0.0,0.0,0.0,1.0,2011.0,132.0,0.08,73.6
0.0,0.0,0.0,1.0,2021.0,53160.0,14.4,71.2
0.0,0.0,0.0,1.0,2023.0,4067.0,2.28,77.5
0.0,0.0,0.0,1.0,2014.0,10511.0,0.8,91.1
0.0,0.0,0.0,1.0,2018.0,17.0,0.01,55.4
0.0,0.0,0.0,1.0,2013.0,549.0,0.85,87.6
0.0,0.0,1.0,0.0,2025.0,65242.0,4.63,36.5
0.0,0.0,0.0,1.0,2011.0,142.0,0.21,84.7
0.0,0.0,0.0,1.0,2012.0,24.0,0.03,60.5
0.0,0.0,0.0,1.0,2015.0,3404.0,0.71,81.4
0.0,0.0,0.0,1.0,2019.0,38454.0,2.77,80.0
0.0,0.0,0.0,1.0,2021.0,7689.0,3.48,71.2
0.0,0.0,0.0,1.0,2014.0,1813.0,0.18,81.5
0.0,0.0,0.0,1.0,2020.0,121288.0,12.38,81.1
0.0,0.0,0.0,1.0,2017.0,157.0,0.07,49.9
0.0,0.0,0.0,1.0,2025.0,6878.0,9.95,97.9
0.0,0.0,0.0,1.0,2012.0,126.0,0.04,81.8
0.0,0.0,0.0,1.0,2021.0,1102.0,1.59,59.8
0.0,0.0,0.0,1.0,2023.0,21298.0,34.64,74.6
0.0,0.0,0.0,1.0,2011.0,55.0,0.01,77.6
0.0,0.0,0.0,1.0,2021.0,26962.0,1.01,92.2
0.0,0.0,1.0,0.0,2014.0,484.0,0.06,32.6
0.0,0.0,0.0,1.0,2024.0,48474.0,48.86,93.1
0.0,1.0,0.0,0.0,2014.0,3805.0,0.11,54.2
0.0,0.0,0.0,1.0,2024.0,60168.0,10.17,81.3
0.0,0.0,0.0,1.0,2022.0,511.0,0.33,57.4
0.0,0.0,0.0,1.0,2010.0,32.0,0.04,85.1
0.0,0.0,0.0,1.0,2017.0,2405.0,0.45,76.3
0.0,0.0,0.0,1.0,2019.0,10387.0,0.89,70.4
0.0,0.0,0.0,1.0,2019.0,1019.0,0.72,60.0
0.0,0.0,0.0,1.0,2021.0,4589.0,7.35,97.6
0.0,0.0,0.0,1.0,2010.0,5.0,0.0,84.3
0.0,0.0,0.0,1.0,2010.0,5.0,0.01,73.1
0.0,0.0,0.0,1.0,2020.0,26865.0,2.37,81.4
0.0,0.0,0.0,1.0,2024.0,82124.0,86.81,83.5
0.0,0.0,0.0,1.0,2023.0,29006.0,12.15,81.2
0.0,0.0,0.0,1.0,2023.0,46300.0,6.5,77.5
0.0,0.0,0.0,1.0,2024.0,139699.0,13.37,81.9
0.0,0.0,0.0,1.0,2011.0,10.0,0.0,71.1
